id,cat,name,type,brand,desc,notes,conc,img,sample_price,30ml_price,50ml_price,100ml_price,250ml_price
1,feminine,Armaf Club De Nuit Woman,Exact Match,Elysean Perfumes,"A bold and seductive feminine fragrance featuring juicy fruits, rich florals, and a warm sweet base that radiates confidence and femininity.","Apple, Rose, Jasmine, Vanilla, Musk",Eau de Parfum — 20%,images/ProductCoverImage-Fem.png,50,179,236,343,576
2,feminine,Armani Si,Exact Match,Elysean Perfumes,"Elegant feminine scent with blackcurrant, rose, and warm vanilla musk.","Blackcurrant, Rose, Vanilla, Musk, Warm",Eau de Parfum — 20%,images/ProductCoverImage-Fem.png,50,188,253,381,669
3,feminine,Armani Si,Inspiration,Elysean Perfumes,"Elegant feminine scent with blackcurrant, rose, and warm vanilla musk.","Blackcurrant, Rose, Vanilla, Musk, Warm",Eau de Parfum — 20%,images/ProductCoverImage-Fem.png,50,172,222,313,501
4,feminine,Avon Faraway Rebel,Inspiration,Elysean Perfumes,Bold floral-oriental with spicy woods and a seductive musky trail.,"Floral, Oriental, Spicy, Woods, Musk",Eau de Parfum — 20%,images/ProductCoverImage-Fem.png,50,172,223,315,508
5,feminine,Avon Justine Faraway,Inspiration,Elysean Perfumes,Warm oriental fragrance with sweet floral heart and amber base.,"Oriental, Floral, Amber, Sweet, Warm",Eau de Parfum — 20%,images/ProductCoverImage-Fem.png,50,177,232,335,556
6,feminine,Avroy Shlain Coppelia,Inspiration,Elysean Perfumes,Soft romantic floral with powdery iris and warm sandalwood finish.,"Floral, Iris, Sandalwood, Powdery, Romantic",Eau de Parfum — 20%,images/ProductCoverImage-Fem.png,50,177,232,334,554
7,feminine,Avroy Shlain Endangered For Her,Inspiration,Elysean Perfumes,Delicate floral bouquet with fresh green notes and gentle musk.,"Floral, Green, Musk, Fresh, Delicate",Eau de Parfum — 20%,images/ProductCoverImage-Fem.png,50,176,230,330,545
8,feminine,Avroy Shlain Js,Inspiration,Elysean Perfumes,Light feminine fragrance with fresh florals and a clean musky base.,"Floral, Fresh, Musk, Clean, Light",Eau de Parfum — 20%,images/ProductCoverImage-Fem.png,50,177,232,335,556
9,feminine,Avroy Shlain Tabasheer,Inspiration,Elysean Perfumes,"Warm exotic scent with bamboo, soft florals, and creamy woods.","Bamboo, Floral, Woods, Creamy, Exotic",Eau de Parfum — 20%,images/ProductCoverImage-Fem.png,50,176,231,333,550
10,feminine,Azzaro Wanted For Her,Inspiration,Elysean Perfumes,"Sparkling floral-oriental with bergamot, jasmine, and warm vanilla.","Bergamot, Jasmine, Vanilla, Floral, Oriental",Eau de Parfum — 20%,images/ProductCoverImage-Fem.png,50,181,240,351,597
11,feminine,B&B Works Beautiful Day,Exact Match,Elysean Perfumes,"Fresh floral blend with bright citrus, soft petals, and light musk.","Citrus, Floral, Petals, Musk, Fresh",Eau de Parfum — 20%,images/ProductCoverImage-Fem.png,50,171,221,311,497
12,feminine,B&B Works Black Cherry Merlot White Barn,Exact Match,Elysean Perfumes,"Rich and intoxicating blend of dark cherry, ripe merlot, and warm vanilla with a touch of oak for a luxurious, sensual feel.","Black Cherry, Merlot, Vanilla, Oak, Musk",Eau de Parfum — 20%,images/ProductCoverImage-Fem.png,50,178,234,338,565
13,feminine,B&B Works Champagne Toast,Exact Match,Elysean Perfumes,"Festive sparkling scent with bubbly citrus, peach, and sweet musk.","Citrus, Peach, Musk, Sweet, Sparkling",Eau de Parfum — 20%,images/ProductCoverImage-Fem.png,50,172,223,314,504
14,feminine,B&B Works Cinnamon Spiced Vanilla,Exact Match,Elysean Perfumes,"Warm and cozy blend of spicy cinnamon, sweet vanilla, and soft woods.","Cinnamon, Vanilla, Woods, Spicy, Warm",Eau de Parfum — 20%,images/ProductCoverImage-Fem.png,50,165,209,284,430
15,feminine,B&B Works Dark Kiss,Exact Match,Elysean Perfumes,"Sensual dark floral with black cherry, wild berries, and warm musk.","Cherry, Berries, Musk, Floral, Dark",Eau de Parfum — 20%,images/ProductCoverImage-Fem.png,50,174,227,323,527
16,feminine,B&B Works Fiji Sunrise,Exact Match,Elysean Perfumes,"Tropical citrus blend with bright mango, coconut, and beach florals.","Mango, Coconut, Citrus, Floral, Tropical",Eau de Parfum — 20%,images/ProductCoverImage-Fem.png,50,175,228,325,533
17,feminine,B&B Works Hello Beautiful,Exact Match,Elysean Perfumes,"Uplifting floral with fresh peony, soft rose, and light cedarwood.","Peony, Rose, Cedarwood, Floral, Fresh",Eau de Parfum — 20%,images/ProductCoverImage-Fem.png,50,172,222,313,503
18,feminine,B&B Works Iced Sugar Plum,Exact Match,Elysean Perfumes,"Sweet and playful fragrance with juicy sugar plum, frosted berries, and creamy vanilla for a delightful winter-inspired scent.","Sugar Plum, Berry, Vanilla, Frosted Sugar, Musk",Eau de Parfum — 20%,images/ProductCoverImage-Fem.png,50,166,212,291,446
19,feminine,B&B Works Into The Night,Exact Match,Elysean Perfumes,"Mysterious and alluring night-time scent with dark fruits, warm florals, and a deep vanilla-amber base.","Black Cherry, Jasmine, Vanilla, Amber, Musk",Eau de Parfum — 20%,images/ProductCoverImage-Fem.png,50,181,240,352,598
20,feminine,B&B Works Japanese Cherry Blossom,Exact Match,Elysean Perfumes,"Delicate floral with sweet cherry blossom, fresh petals, and soft musk.","Cherry Blossom, Petals, Musk, Floral, Sweet",Eau de Parfum — 20%,images/ProductCoverImage-Fem.png,50,172,223,315,506
21,feminine,B&B Works Noir Cologne,Exact Match,Elysean Perfumes,"Dark and mysterious blend with smoky woods, amber, and black musk.","Smoky, Woods, Amber, Musk, Dark",Eau de Parfum — 20%,images/ProductCoverImage-Fem.png,50,173,225,320,518
22,feminine,B&B Works Pink Pineapple Sunrise,Exact Match,Elysean Perfumes,"Fun tropical blend with juicy pineapple, citrus, and soft florals.","Pineapple, Citrus, Floral, Tropical, Fruity",Eau de Parfum — 20%,images/ProductCoverImage-Fem.png,50,182,242,357,611
23,feminine,B&B Works Pure Wonder,Exact Match,Elysean Perfumes,"Clean and dreamy scent with soft florals, sheer musk, and light woods.","Floral, Musk, Woods, Clean, Dreamy",Eau de Parfum — 20%,images/ProductCoverImage-Fem.png,50,187,251,376,659
24,feminine,B&B Works Sea Island Shore,Exact Match,Elysean Perfumes,"Fresh coastal scent with sea salt, driftwood, and tropical florals.","Sea Salt, Driftwood, Floral, Coastal, Fresh",Eau de Parfum — 20%,images/ProductCoverImage-Fem.png,50,181,241,353,602
25,feminine,B&B Works Twilight Woods,Exact Match,Elysean Perfumes,"Warm earthy fragrance with amber, cedar, and soft woodland florals.","Amber, Cedar, Floral, Earthy, Warm",Eau de Parfum — 20%,images/ProductCoverImage-Fem.png,50,182,241,355,605
26,feminine,B&B Works Twisted Peppermint,Exact Match,Elysean Perfumes,Cool and festive mint with sweet candy and icy frosted freshness.,"Mint, Candy, Fresh, Cool, Sweet",Eau de Parfum — 20%,images/ProductCoverImage-Fem.png,50,186,249,371,646
27,feminine,B&B Works Vanilla Bean Noel,Exact Match,Elysean Perfumes,"Cozy sweet vanilla with warm sugar, buttercream, and soft musk.","Vanilla, Sugar, Buttercream, Musk, Sweet",Eau de Parfum — 20%,images/ProductCoverImage-Fem.png,50,168,215,296,460
28,feminine,B&B Works Warm Vanilla Sugar,Exact Match,Elysean Perfumes,"Cozy and addictive gourmand fragrance filled with warm vanilla, brown sugar, and a touch of creamy sweetness.","Vanilla, Brown Sugar, Buttercream, Musk, Tonka Bean",Eau de Parfum — 20%,images/ProductCoverImage-Fem.png,50,172,222,313,501
29,feminine,B&B Works Watermelon Lemonade,Exact Match,Elysean Perfumes,"Bright and juicy blend of fresh watermelon, tart lemon, and citrus zest.","Watermelon, Lemon, Citrus, Fruity, Fresh",Eau de Parfum — 20%,images/ProductCoverImage-Fem.png,50,173,224,318,513
30,feminine,Baccarat Rouge,Inspiration,Elysean Perfumes,"Warm, sweet and mysterious gourmand fragrance with creamy vanilla, cocoa, and soft fruity undertones.","Vanilla, Cocoa, Sugar, Red Berries, Musk",Eau de Parfum — 20%,images/ProductCoverImage-Fem.png,50,274,415,737,"1,552"
31,feminine,Beyonce Heat,Inspiration,Elysean Perfumes,"Sultry and sensual blend of red berries, peach, magnolia, and warm musk.","Berries, Peach, Magnolia, Musk, Warm",Eau de Parfum — 20%,images/ProductCoverImage-Fem.png,50,175,228,326,534
32,feminine,Billie Eilish Eilish,Exact Match,Elysean Perfumes,"Sophisticated woody-floral with cedarwood, rose, and soft powdery notes for an elegant and refined aura.","Cedarwood, Rose, Jasmine, Powder, Musk",Eau de Parfum — 20%,images/ProductCoverImage-Fem.png,50,171,221,309,493
33,feminine,Britney Spears Fantasy,Exact Match,Elysean Perfumes,"Sweet playful scent with kiwi, jasmine, cupcake accord, and musk.","Kiwi, Jasmine, Vanilla, Musk, Sweet",Eau de Parfum — 20%,images/ProductCoverImage-Fem.png,50,188,252,379,666
34,feminine,Britney Spears Fantasy,Inspiration,Elysean Perfumes,"Sweet playful scent with kiwi, jasmine, cupcake accord, and musk.","Kiwi, Jasmine, Vanilla, Musk, Sweet",Eau de Parfum — 20%,images/ProductCoverImage-Fem.png,50,180,239,349,591
35,feminine,Burberry Her,Inspiration,Elysean Perfumes,"Vibrant fruity floral with berry, jasmine, violet, and soft amber.","Berry, Jasmine, Violet, Amber, Floral",Eau de Parfum — 20%,images/ProductCoverImage-Fem.png,50,175,229,328,540
36,feminine,Bvlgari Omnia,Inspiration,Elysean Perfumes,"Warm oriental spice with Indian tea, cardamom, and sandalwood.","Tea, Cardamom, Sandalwood, Spice, Oriental",Eau de Parfum — 20%,images/ProductCoverImage-Fem.png,50,179,236,343,575
37,feminine,Bvlgari Omnia 2003 Original,Inspiration,Elysean Perfumes,"Original warm spiced floral with saffron, henna, and precious woods.","Saffron, Henna, Woods, Floral, Spiced",Eau de Parfum — 20%,images/ProductCoverImage-Fem.png,50,180,239,349,591
38,feminine,Bvlgari Omnia Crystalline Original,Exact Match,Elysean Perfumes,"Sheer and luminous floral with bamboo, lotus, and icy white notes.","Bamboo, Lotus, Floral, Sheer, Fresh",Eau de Parfum — 20%,images/ProductCoverImage-Fem.png,50,200,275,429,788
39,feminine,Cacharel Amor Amor,Inspiration,Elysean Perfumes,"Passionate floral-fruity with orange, jasmine, and warm vanilla musk.","Orange, Jasmine, Vanilla, Floral, Fruity",Eau de Parfum — 20%,images/ProductCoverImage-Fem.png,50,178,234,338,563
40,feminine,Cacharel Anais Anais,Inspiration,Elysean Perfumes,"Soft romantic white floral with lily, rose, and powdery iris.","Lily, Rose, Iris, Floral, Powdery",Eau de Parfum — 20%,images/ProductCoverImage-Fem.png,50,178,234,338,563
41,feminine,Cacharel Yes I Am,Inspiration,Elysean Perfumes,"Bold fruity-floral with caramel, rose, and warm sandalwood.","Caramel, Rose, Sandalwood, Floral, Fruity",Eau de Parfum — 20%,images/ProductCoverImage-Fem.png,50,168,215,296,460
42,feminine,Calvin Klein Euphoria,Inspiration,Elysean Perfumes,"Sensual dark floral with pomegranate, black orchid, and warm amber.","Pomegranate, Black Orchid, Amber, Floral, Dark",Eau de Parfum — 20%,images/ProductCoverImage-Fem.png,50,187,251,377,660
43,feminine,Carolina Herrera 212 Vip Ladies,Inspiration,Elysean Perfumes,"Glamorous floral with champagne accord, gardenia, and warm musk.","Gardenia, Champagne, Musk, Floral, Warm",Eau de Parfum — 20%,images/ProductCoverImage-Fem.png,50,179,236,343,577
44,feminine,Carolina Herrera Good Girl,Exact Match,Elysean Perfumes,"Iconic dual-nature scent with jasmine, tonka bean, and dark cocoa.","Jasmine, Tonka Bean, Cocoa, Floral, Dark",Eau de Parfum — 20%,images/ProductCoverImage-Fem.png,50,195,267,412,746
45,feminine,Carolina Herrera Good Girl,Inspiration,Elysean Perfumes,"Iconic dual-nature scent with jasmine, tonka bean, and dark cocoa.","Jasmine, Tonka Bean, Cocoa, Floral, Dark",Eau de Parfum — 20%,images/ProductCoverImage-Fem.png,50,180,239,349,591
46,feminine,Chanel Coco,Exact Match,Elysean Perfumes,"Rich oriental floral with rose, jasmine, vanilla, and precious woods.","Rose, Jasmine, Vanilla, Woods, Oriental",Eau de Parfum — 20%,images/ProductCoverImage-Fem.png,50,196,268,413,749
47,feminine,Chanel Coco Madam,Inspiration,Elysean Perfumes,"Modern floral chypre with grapefruit, rose, and white musk.","Grapefruit, Rose, White Musk, Floral, Chypre",Eau de Parfum — 20%,images/ProductCoverImage-Fem.png,50,180,239,349,591
48,feminine,Chanel Coco Madam,Exact Match,Elysean Perfumes,"Modern floral chypre with grapefruit, rose, and white musk.","Grapefruit, Rose, White Musk, Floral, Chypre",Eau de Parfum — 20%,images/ProductCoverImage-Fem.png,50,201,278,434,802
49,feminine,Chanel No. 5,Inspiration,Elysean Perfumes,"Timeless classic aldehyde floral with rose, ylang-ylang, and sandalwood.","Rose, Ylang-Ylang, Sandalwood, Aldehyde, Floral",Eau de Parfum — 20%,images/ProductCoverImage-Fem.png,50,175,228,325,533
50,feminine,Chloe Atelier Des Fleurs Cedrus,Exact Match,Elysean Perfumes,"Romantic and feminine with juicy fruits, delicate florals, and a soft vanilla base.","Pear, Rose, Jasmine, Vanilla, Musk",Eau de Parfum — 20%,images/ProductCoverImage-Fem.png,50,205,285,452,845
51,feminine,Chloe Love Story,Inspiration,Elysean Perfumes,"Fresh romantic floral with orange blossom, stephanotis, and cedarwood.","Orange Blossom, Stephanotis, Cedarwood, Floral, Fresh",Eau de Parfum — 20%,images/ProductCoverImage-Fem.png,50,184,246,364,629
52,feminine,Christian Dior Holy Peony,Inspiration,Elysean Perfumes,"Luminous peony-centred floral with rose, lychee, and soft musk.","Peony, Rose, Lychee, Musk, Floral",Eau de Parfum — 20%,images/ProductCoverImage-Fem.png,50,190,257,390,692
53,feminine,Christian Dior Hypnotic Poison,Inspiration,Elysean Perfumes,"Dark seductive scent with bitter almond, jasmine, and warm vanilla.","Almond, Jasmine, Vanilla, Dark, Seductive",Eau de Parfum — 20%,images/ProductCoverImage-Fem.png,50,175,228,325,533
54,feminine,Christian Dior Jadore,Inspiration,Elysean Perfumes,"Luxurious feminine floral with ylang-ylang, rose, and jasmine accord.","Ylang-Ylang, Rose, Jasmine, Floral, Luxurious",Eau de Parfum — 20%,images/ProductCoverImage-Fem.png,50,169,218,303,478
55,feminine,Christian Dior Poison Girl,Inspiration,Elysean Perfumes,"Sweet and bold with bitter orange, rose, and warm vanilla accord.","Orange, Rose, Vanilla, Sweet, Bold",Eau de Parfum — 20%,images/ProductCoverImage-Fem.png,50,189,254,384,676
56,feminine,Christian Dior Poison,Inspiration,Elysean Perfumes,"Dramatic oriental floral with tuberose, plum, and rich amber base.","Tuberose, Plum, Amber, Floral, Oriental",Eau de Parfum — 20%,images/ProductCoverImage-Fem.png,50,181,240,351,597
57,feminine,Clinique Aromatics Elixir,Inspiration,Elysean Perfumes,"Distinctive chypre with rose, chamomile, oakmoss, and patchouli.","Rose, Chamomile, Oakmoss, Patchouli, Chypre",Eau de Parfum — 20%,images/ProductCoverImage-Fem.png,50,178,234,339,566
58,feminine,Clinique Happy,Inspiration,Elysean Perfumes,"Bright uplifting floral with citrus, spring mimosa, and clean musk.","Citrus, Mimosa, Musk, Floral, Fresh",Eau de Parfum — 20%,images/ProductCoverImage-Fem.png,50,184,245,363,625
59,feminine,Coty Exclamation,Inspiration,Elysean Perfumes,"Classic affordable oriental with rose, jasmine, and warm musky base.","Rose, Jasmine, Musk, Oriental, Warm",Eau de Parfum — 20%,images/ProductCoverImage-Fem.png,50,178,235,341,570
60,feminine,D&G The One Gold Female Type,Exact Match,Elysean Perfumes,"Opulent floral oriental with peach, lily, and warm amber.","Peach, Lily, Amber, Floral, Oriental",Eau de Parfum — 20%,images/ProductCoverImage-Fem.png,50,192,260,396,708
61,feminine,Davidof Cool Water Ladies,Inspiration,Elysean Perfumes,"Fresh aquatic floral with melon, green notes, and soft sandalwood.","Melon, Green, Sandalwood, Aquatic, Fresh",Eau de Parfum — 20%,images/ProductCoverImage-Fem.png,50,178,234,338,563
62,feminine,Dkny Be Delicious Fresh Blossom,Inspiration,Elysean Perfumes,"Crisp floral with pink grapefruit, white florals, and fresh cedarwood.","Grapefruit, Floral, Cedarwood, Crisp, Fresh",Eau de Parfum — 20%,images/ProductCoverImage-Fem.png,50,165,209,284,430
63,feminine,Dkny Be Delicious Green,Inspiration,Elysean Perfumes,"Fresh green apple, magnolia, and light musky woods.","Green Apple, Magnolia, Musk, Woods, Fresh",Eau de Parfum — 20%,images/ProductCoverImage-Fem.png,50,177,232,335,556
64,feminine,Dkny Women Eau De Parfum,Inspiration,Elysean Perfumes,"Vibrant floral bouquet with apple blossom, violet, and soft musk.","Apple Blossom, Violet, Musk, Floral, Vibrant",Eau de Parfum — 20%,images/ProductCoverImage-Fem.png,50,170,219,307,487
65,feminine,Dkyn Be Delicious (Original),Exact Match,Elysean Perfumes,Iconic fresh green apple scent with floral heart and light cedar.,"Green Apple, Floral, Cedar, Fresh, Iconic",Eau de Parfum — 20%,images/ProductCoverImage-Fem.png,50,199,273,425,779
66,feminine,Dolce & Gabbana Light Blue Femme,Inspiration,Elysean Perfumes,"Fresh Mediterranean citrus with apple, bamboo, and white rose.","Citrus, Apple, Bamboo, Rose, Fresh",Eau de Parfum — 20%,images/ProductCoverImage-Fem.png,50,178,235,341,570
67,feminine,Dolce & Gabbana The One For Her,Inspiration,Elysean Perfumes,"Sophisticated oriental floral with mandarin, lychee, and warm vanilla.","Mandarin, Lychee, Vanilla, Floral, Oriental",Eau de Parfum — 20%,images/ProductCoverImage-Fem.png,50,180,239,349,591
68,feminine,Elie Saab Le Parfum,Inspiration,Elysean Perfumes,"Feminine floral-woody with orange blossom, rose, and patchouli.","Orange Blossom, Rose, Patchouli, Floral, Woody",Eau de Parfum — 20%,images/ProductCoverImage-Fem.png,50,177,232,333,552
69,feminine,Elizabeth Arden 5th Avenue,Inspiration,Elysean Perfumes,"Elegant floral bouquet with magnolia, lilac, rose, and warm woods.","Magnolia, Lilac, Rose, Woods, Floral",Eau de Parfum — 20%,images/ProductCoverImage-Fem.png,50,175,229,327,536
70,feminine,Elizabeth Arden Red Door,Inspiration,Elysean Perfumes,"Classic rich floral with rose, jasmine, ylang-ylang, and sandalwood.","Rose, Jasmine, Ylang-Ylang, Sandalwood, Floral",Eau de Parfum — 20%,images/ProductCoverImage-Fem.png,50,180,237,346,582
71,feminine,Elizabeth Arden Sunflowers,Inspiration,Elysean Perfumes,"Bright sunny floral with orange blossom, rose, and fresh greenery.","Orange Blossom, Rose, Green, Floral, Fresh",Eau de Parfum — 20%,images/ProductCoverImage-Fem.png,50,168,215,296,460
72,feminine,Elizabeth Arden White Tea,Exact Match,Elysean Perfumes,"Light and clean with delicate white tea, lotus, and soft musk.","White Tea, Lotus, Musk, Clean, Light",Eau de Parfum — 20%,images/ProductCoverImage-Fem.png,50,193,263,401,721
73,feminine,Elizabeth Taylor White Diamonds,Inspiration,Elysean Perfumes,"Timeless opulent floral with rose, neroli, lily, and warm amber.","Rose, Neroli, Lily, Amber, Floral",Eau de Parfum — 20%,images/ProductCoverImage-Fem.png,50,175,228,325,533
74,feminine,Ellie Saab Girl Of Now,Exact Match,Elysean Perfumes,"Fresh floral with grapefruit, magnolia, and light woody musk.","Grapefruit, Magnolia, Musk, Floral, Fresh",Eau de Parfum — 20%,images/ProductCoverImage-Fem.png,50,185,248,368,639
75,feminine,Escada Taj Sunset,Inspiration,Elysean Perfumes,"Fruity-oriental with mango, orange blossom, amber, and warm woods.","Mango, Orange Blossom, Amber, Woods, Fruity",Eau de Parfum — 20%,images/ProductCoverImage-Fem.png,50,178,234,338,563
76,feminine,Estee Lauder Beautiful,Inspiration,Elysean Perfumes,"Romantic multi-floral bouquet with rose, lily, and soft sandalwood.","Rose, Lily, Sandalwood, Floral, Romantic",Eau de Parfum — 20%,images/ProductCoverImage-Fem.png,50,186,249,371,646
77,feminine,Estee Lauder Knowing,Inspiration,Elysean Perfumes,"Sophisticated chypre floral with rose, jasmine, and mossy woods.","Rose, Jasmine, Oakmoss, Chypre, Woody",Eau de Parfum — 20%,images/ProductCoverImage-Fem.png,50,182,242,356,607
78,feminine,Estee Lauder White Linen,Inspiration,Elysean Perfumes,"Clean fresh aldehydic floral with rose, lilac, and crisp musk.","Rose, Lilac, Musk, Aldehyde, Clean",Eau de Parfum — 20%,images/ProductCoverImage-Fem.png,50,186,248,371,645
79,feminine,Fire And Ice,Inspiration,Elysean Perfumes,"Bold contrast scent with spicy florals, warm amber, and icy freshness.","Spice, Floral, Amber, Fresh, Bold",Eau de Parfum — 20%,images/ProductCoverImage-Fem.png,50,165,211,287,439
80,feminine,Fugazzi Vanilla Haze,Exact Match,Elysean Perfumes,"Dreamy warm vanilla with soft musk, light woods, and creamy sweetness.","Vanilla, Musk, Woods, Creamy, Warm",Eau de Parfum — 20%,images/ProductCoverImage-Fem.png,50,191,259,394,701
81,feminine,Giucci Gucci Flora,Inspiration,Elysean Perfumes,"Delicate feminine floral with peach rose, magnolia, and sandalwood.","Rose, Magnolia, Sandalwood, Peach, Floral",Eau de Parfum — 20%,images/ProductCoverImage-Fem.png,50,182,242,356,607
82,feminine,Givenchy Absolutely Irresistible,Inspiration,Elysean Perfumes,"Vibrant fruity floral with raspberry, rose, and soft warm musk.","Raspberry, Rose, Musk, Floral, Fruity",Eau de Parfum — 20%,images/ProductCoverImage-Fem.png,50,193,263,401,721
83,feminine,Givenchy Organza,Inspiration,Elysean Perfumes,"Rich floral oriental with honeysuckle, gardenia, and warm amber.","Honeysuckle, Gardenia, Amber, Floral, Oriental",Eau de Parfum — 20%,images/ProductCoverImage-Fem.png,50,181,239,351,595
84,feminine,Gucci Guilty Lady,Inspiration,Elysean Perfumes,"Intense floral-oriental with pink pepper, geranium, and amber.","Pink Pepper, Geranium, Amber, Floral, Oriental",Eau de Parfum — 20%,images/ProductCoverImage-Fem.png,50,181,240,352,598
85,feminine,Gucci Rush,Inspiration,Elysean Perfumes,"Bold sensual floral with gardenia, vanilla, and warm patchouli.","Gardenia, Vanilla, Patchouli, Floral, Sensual",Eau de Parfum — 20%,images/ProductCoverImage-Fem.png,50,171,221,310,494
86,feminine,Hugo Boss Femme Type,Exact Match,Elysean Perfumes,Soft feminine floral with fruity top notes and warm musky woods.,"Floral, Fruity, Musk, Woods, Warm",Eau de Parfum — 20%,images/ProductCoverImage-Fem.png,50,188,254,382,673
87,feminine,Hugo Boss The Scent Elixir Her,Exact Match,Elysean Perfumes,"Intense sensual blend with cocoa, rose, and dark woody musk.","Cocoa, Rose, Musk, Woods, Dark",Eau de Parfum — 20%,images/ProductCoverImage-Fem.png,50,209,292,466,881
88,feminine,Hugo Boss The Scent For Her,Inspiration,Elysean Perfumes,"Seductive floral-oriental with freesia, peach, and warm woods.","Freesia, Peach, Woods, Floral, Seductive",Eau de Parfum — 20%,images/ProductCoverImage-Fem.png,50,182,241,355,605
89,feminine,Issey Miyake Leau Dissey Original,Inspiration,Elysean Perfumes,"Iconic fresh aquatic floral with lotus, rose, and clean woods.","Lotus, Rose, Woods, Aquatic, Fresh",Eau de Parfum — 20%,images/ProductCoverImage-Fem.png,50,181,240,351,597
90,feminine,Jean Paul Gaultier Scandal Women,Inspiration,Elysean Perfumes,"Bold floral with honey, orange blossom, and warm patchouli.","Honey, Orange Blossom, Patchouli, Floral, Bold",Eau de Parfum — 20%,images/ProductCoverImage-Fem.png,50,177,232,335,556
91,feminine,Jean Paul Scandal For Women,Exact Match,Elysean Perfumes,"Sensual floral with gardenia, blood orange, and warm woody base.","Gardenia, Blood Orange, Woods, Floral, Sensual",Eau de Parfum — 20%,images/ProductCoverImage-Fem.png,50,188,252,379,666
92,feminine,Jimmy Choo Jimmy Choo For Women,Inspiration,Elysean Perfumes,"Glamorous fruity floral with pear, orchid, and warm patchouli.","Pear, Orchid, Patchouli, Floral, Fruity",Eau de Parfum — 20%,images/ProductCoverImage-Fem.png,50,178,234,338,565
93,feminine,Jo Malone English Pear And Freesia Cologne,Exact Match,Elysean Perfumes,"Fresh and fruity with ripe pear, white freesia, and patchouli.","Pear, Freesia, Patchouli, Fruity, Fresh",Eau de Parfum — 20%,images/ProductCoverImage-Fem.png,50,201,277,432,797
94,feminine,Jo Malone Peony And Blush Suede Cologne,Exact Match,Elysean Perfumes,"Soft romantic blend of peony, red apple, and velvety suede.","Peony, Red Apple, Suede, Floral, Romantic",Eau de Parfum — 20%,images/ProductCoverImage-Fem.png,50,191,258,392,698
95,feminine,Jo Malone Pomegranate Noir Cologne,Exact Match,Elysean Perfumes,"Fruity-woody with pomegranate, pink pepper, and dark woods.","Pomegranate, Pink Pepper, Woods, Fruity, Dark",Eau de Parfum — 20%,images/ProductCoverImage-Fem.png,50,211,295,474,900
96,feminine,Jo Malone Velvet Rose And Oud Cologne,Exact Match,Elysean Perfumes,"Opulent rose with rich oud, velvet woods, and smoky incense.","Rose, Oud, Woods, Incense, Smoky",Eau de Parfum — 20%,images/ProductCoverImage-Fem.png,50,206,286,453,849
97,feminine,Juliette Has A Gun Juliette,Exact Match,Elysean Perfumes,Minimalist and modern scent built around Cetalox (a clean woody-amber molecule) for a unique skin-like fragrance.,"Cetalox, Woody, Amber, Musk, Clean",Eau de Parfum — 20%,images/ProductCoverImage-Fem.png,50,191,258,393,699
98,feminine,Juliette Has A Gun Not A Perfume,Exact Match,Elysean Perfumes,"Soft, powdery and comforting scent with iris, vanilla, and creamy woods for a quiet luxury feel.","Iris, Vanilla, Powdery, Woods, Musk",Eau de Parfum — 20%,images/ProductCoverImage-Fem.png,50,202,279,437,809
99,feminine,Juliette Has A Gun Ode To Dullness,Exact Match,Elysean Perfumes,Delicate and refined floral fragrance centered around osmanthus with fruity and leathery nuances.,"Osmanthus, Apricot, Leather, Floral, Musk",Eau de Parfum — 20%,images/ProductCoverImage-Fem.png,50,183,244,361,622
100,feminine,Kenzo Flower,Inspiration,Elysean Perfumes,"Delicate white floral with powdery violet, rose, and clean musk.","Violet, Rose, Musk, Floral, Powdery",Eau de Parfum — 20%,images/ProductCoverImage-Fem.png,50,163,206,277,414
101,feminine,Lacoste Touch Of Pink,Inspiration,Elysean Perfumes,"Fresh feminine scent with grapefruit, magnolia, and soft woods.","Grapefruit, Magnolia, Woods, Fresh, Floral",Eau de Parfum — 20%,images/ProductCoverImage-Fem.png,50,185,247,366,634
102,feminine,Lady Gaga,Inspiration,Elysean Perfumes,"Daring dark floral with honey, saffron, and warm animalic base.","Honey, Saffron, Floral, Dark, Animalic",Eau de Parfum — 20%,images/ProductCoverImage-Fem.png,50,178,234,338,565
103,feminine,Lancome Idole Lintense Type,Exact Match,Elysean Perfumes,"Deep intense floral with rose, jasmine, and warm woody musk.","Rose, Jasmine, Musk, Woods, Intense",Eau de Parfum — 20%,images/ProductCoverImage-Fem.png,50,189,254,384,676
104,feminine,Lancome La Nuit Tresor,Inspiration,Elysean Perfumes,"Dark romantic floral with black rose, peach, and vanilla amber.","Black Rose, Peach, Vanilla, Amber, Floral",Eau de Parfum — 20%,images/ProductCoverImage-Fem.png,50,177,232,334,554
105,feminine,Lancome La Vie Est Belle,Exact Match,Elysean Perfumes,"Joyful floral oriental with iris, praline, and warm sandalwood.","Iris, Praline, Sandalwood, Floral, Oriental",Eau de Parfum — 20%,images/ProductCoverImage-Fem.png,50,188,254,382,673
106,feminine,Lancome La Vie Est Belle,Inspiration,Elysean Perfumes,"Joyful floral oriental with iris, praline, and warm sandalwood.","Iris, Praline, Sandalwood, Floral, Oriental",Eau de Parfum — 20%,images/ProductCoverImage-Fem.png,50,180,239,349,591
107,feminine,Le Labo Santal,Inspiration,Elysean Perfumes,"Iconic unisex woody scent with sandalwood, cedar, and leather.","Sandalwood, Cedar, Leather, Woody, Iconic",Eau de Parfum — 20%,images/ProductCoverImage-Fem.png,50,189,255,386,682
108,feminine,Lentheric Panache,Inspiration,Elysean Perfumes,"Classic powdery floral with soft rose, violet, and warm musk.","Rose, Violet, Musk, Floral, Powdery",Eau de Parfum — 20%,images/ProductCoverImage-Fem.png,50,174,226,321,522
109,feminine,Loccitane Osmathus,Exact Match,Elysean Perfumes,Delicate and refined floral fragrance centered around osmanthus with fruity and leathery nuances.,"Osmanthus, Apricot, Leather, Floral, Musk",Eau de Parfum — 20%,images/ProductCoverImage-Fem.png,50,173,225,318,515
110,feminine,Maison Francis Kurkdjian Paris Oud Satin Mood Exact,Exact Match,Elysean Perfumes,"Velvety oud with rose, vanilla, and soft woody incense.","Oud, Rose, Vanilla, Incense, Woody",Eau de Parfum — 20%,images/ProductCoverImage-Fem.png,50,202,279,439,813
111,feminine,Maison Crivelli Hibiscus Mahajad,Exact Match,Elysean Perfumes,"Vibrant tropical floral with hibiscus, citrus, and light woods.","Hibiscus, Citrus, Woods, Floral, Tropical",Eau de Parfum — 20%,images/ProductCoverImage-Fem.png,50,196,268,413,749
112,feminine,Maison Francis Kurkdijan Baccarat Rouge,Inspiration,Elysean Perfumes,"Iconic luxurious unisex scent with saffron, jasmine, amberwood, and sweet woody notes.","Saffron, Jasmine, Amberwood, Fir Resin, Musk",Eau de Parfum — 20%,images/ProductCoverImage-Fem.png,50,208,290,462,870
113,feminine,Maison Francis Kurkdjian,Inspiration,Elysean Perfumes,"Luminous and fresh with bergamot, white musk, and soft woods.","Bergamot, White Musk, Woods, Fresh, Luminous",Eau de Parfum — 20%,images/ProductCoverImage-Fem.png,50,199,273,425,779
114,feminine,Maison Francis Kurkdjian Apom Eau De Parfum,Exact Match,Elysean Perfumes,"Elegant warm floral with orange blossom, amber, and precious woods.","Orange Blossom, Amber, Woods, Floral, Warm",Eau de Parfum — 20%,images/ProductCoverImage-Fem.png,50,193,262,401,719
115,feminine,Maison Francis Kurkdjian Gentle Fluidity Gold,Exact Match,Elysean Perfumes,"Warm spiced oriental with nutmeg, musk, and amber woods.","Nutmeg, Musk, Amber, Woods, Oriental",Eau de Parfum — 20%,images/ProductCoverImage-Fem.png,50,210,293,470,889
116,feminine,Marc Jacobs Daisy,Inspiration,Elysean Perfumes,"Fresh feminine floral with violet leaf, strawberry, and soft musk.","Violet Leaf, Strawberry, Musk, Floral, Fresh",Eau de Parfum — 20%,images/ProductCoverImage-Fem.png,50,178,234,338,563
117,feminine,Molton Brown Coastal Cypress & Sea Fennel,Exact Match,Elysean Perfumes,"Fresh coastal fragrance with crisp cypress, sea fennel, and salty marine notes.","Cypress, Sea Fennel, Marine, Woody, Musk",Eau de Parfum — 20%,images/ProductCoverImage-Fem.png,50,175,228,325,533
118,feminine,Molton Brown Fiery Pink Pepper,Exact Match,Elysean Perfumes,"Spicy and vibrant with pink pepper, jasmine, and warm woody undertones.","Pink Pepper, Jasmine, Woods, Spicy, Musk",Eau de Parfum — 20%,images/ProductCoverImage-Fem.png,50,169,218,302,476
119,feminine,Molton Brown Heavenly Ginger Lily,Exact Match,Elysean Perfumes,"Exotic floral with spicy ginger, lily, and warm tropical woods.","Ginger, Lily, Woods, Floral, Exotic",Eau de Parfum — 20%,images/ProductCoverImage-Fem.png,50,174,227,324,529
120,feminine,Molton Brown Rhubarb And Rose,Exact Match,Elysean Perfumes,"Playful floral with tart rhubarb, fresh rose, and soft musk.","Rhubarb, Rose, Musk, Floral, Fresh",Eau de Parfum — 20%,images/ProductCoverImage-Fem.png,50,182,243,358,613
121,feminine,Mont Blanc Signature Type,Exact Match,Elysean Perfumes,"Elegant floral with peony, rose, and warm white musks.","Peony, Rose, White Musk, Floral, Elegant",Eau de Parfum — 20%,images/ProductCoverImage-Fem.png,50,184,245,363,625
122,feminine,Narciso Rodriguez Eau Neroli Ambree Type,Exact Match,Elysean Perfumes,"Warm citrus floral with neroli, amber, and soft woody musk.","Neroli, Amber, Musk, Citrus, Floral",Eau de Parfum — 20%,images/ProductCoverImage-Fem.png,50,212,299,481,918
123,feminine,Narciso Rodriguez For Her,Inspiration,Elysean Perfumes,"Intimate musky floral with rose, jasmine, and warm sandalwood.","Rose, Jasmine, Sandalwood, Musk, Floral",Eau de Parfum — 20%,images/ProductCoverImage-Fem.png,50,180,239,349,591
124,feminine,Narcisse Chloe,Inspiration,Elysean Perfumes,"Fresh green floral with narcissus, rose, and soft earthy woods.","Narcissus, Rose, Woods, Floral, Green",Eau de Parfum — 20%,images/ProductCoverImage-Fem.png,50,177,232,335,556
125,feminine,Nicki Minaj Pink Friday,Inspiration,Elysean Perfumes,"Playful fruity floral with mandarin, jasmine, and warm sandalwood.","Mandarin, Jasmine, Sandalwood, Floral, Fruity",Eau de Parfum — 20%,images/ProductCoverImage-Fem.png,50,176,230,330,545
126,feminine,Nicki Minaj Trini Girl,Inspiration,Elysean Perfumes,"Tropical floral with passion fruit, frangipani, and coconut musk.","Passion Fruit, Frangipani, Coconut, Musk, Tropical",Eau de Parfum — 20%,images/ProductCoverImage-Fem.png,50,171,221,311,497
127,feminine,Paco Rabanne Black Xs Her,Exact Match,Elysean Perfumes,"Dark gothic floral with rose, anise, and warm patchouli base.","Rose, Anise, Patchouli, Floral, Dark",Eau de Parfum — 20%,images/ProductCoverImage-Fem.png,50,185,247,367,636
128,feminine,Paco Rabanne Lady Million,Exact Match,Elysean Perfumes,"Glamorous floral with neroli, raspberry, gardenia, and warm amber.","Neroli, Raspberry, Gardenia, Amber, Floral",Eau de Parfum — 20%,images/ProductCoverImage-Fem.png,50,181,240,352,598
129,feminine,Paco Rabanne Lady Million,Inspiration,Elysean Perfumes,"Glamorous floral with neroli, raspberry, gardenia, and warm amber.","Neroli, Raspberry, Gardenia, Amber, Floral",Eau de Parfum — 20%,images/ProductCoverImage-Fem.png,50,174,227,323,527
130,feminine,Paco Rabanne Olympea,Inspiration,Elysean Perfumes,"Aquatic floral with jasmine, salted vanilla, and warm cashmere wood.","Jasmine, Vanilla, Cashmere, Aquatic, Floral",Eau de Parfum — 20%,images/ProductCoverImage-Fem.png,50,177,232,335,556
131,feminine,Paco Rabanne Olympea Intense,Inspiration,Elysean Perfumes,"Bold and sensual with vanilla, jasmine, and warm amber woods.","Vanilla, Jasmine, Amber, Woods, Sensual",Eau de Parfum — 20%,images/ProductCoverImage-Fem.png,50,177,233,336,559
132,feminine,Penhaligons Halfeti,Exact Match,Elysean Perfumes,"Rich and opulent oriental rose fragrance with oud, spices, and dark woods.","Rose, Oud, Spice, Leather, Musk",Eau de Parfum — 20%,images/ProductCoverImage-Fem.png,50,189,255,385,680
133,feminine,Pink Chiffon,Inspiration,Elysean Perfumes,"Light and airy with soft florals, sheer peach, and clean musk.","Floral, Peach, Musk, Airy, Light",Eau de Parfum — 20%,images/ProductCoverImage-Fem.png,50,174,227,323,527
134,feminine,Rhiana Crush,Inspiration,Elysean Perfumes,"Fruity floral with berries, peach, and warm soft musky base.","Berries, Peach, Musk, Floral, Fruity",Eau de Parfum — 20%,images/ProductCoverImage-Fem.png,50,187,250,375,655
135,feminine,Roberto Cavali Just Cavalli For Her,Inspiration,Elysean Perfumes,"Wild and exotic floral with fruits, jasmine, and warm woods.","Fruits, Jasmine, Woods, Floral, Exotic",Eau de Parfum — 20%,images/ProductCoverImage-Fem.png,50,180,238,348,588
136,feminine,Sol De Janeiro Cheirosa 40,Inspiration,Elysean Perfumes,"Tropical gourmand with coconut, praline, and warm vanilla musk.","Coconut, Praline, Vanilla, Musk, Gourmand",Eau de Parfum — 20%,images/ProductCoverImage-Fem.png,50,177,233,337,561
137,feminine,Sol De Janeiro Cheirosa 48 -,Inspiration,Elysean Perfumes,"Bright floral with jasmine, pink pepper, and creamy sandalwood.","Jasmine, Pink Pepper, Sandalwood, Floral, Creamy",Eau de Parfum — 20%,images/ProductCoverImage-Fem.png,50,199,273,425,779
138,feminine,Sol De Janeiro Cheirosa 50 -,Inspiration,Elysean Perfumes,"Fresh floral with vanilla orchid, coconut, and warm amber musk.","Vanilla, Orchid, Coconut, Amber, Floral",Eau de Parfum — 20%,images/ProductCoverImage-Fem.png,50,181,240,351,597
139,feminine,Sol De Janeiro Cheirosa 62 -,Inspiration,Elysean Perfumes,"Iconic Brazilian blend of pistachio, salted caramel, and vanilla.","Pistachio, Caramel, Vanilla, Gourmand, Sweet",Eau de Parfum — 20%,images/ProductCoverImage-Fem.png,50,174,226,322,524
140,feminine,Sol De Janeiro Cheirosa 68,Inspiration,Elysean Perfumes,"Sweet floral with caramel, jasmine, and warm toasted coconut.","Caramel, Jasmine, Coconut, Floral, Sweet",Eau de Parfum — 20%,images/ProductCoverImage-Fem.png,50,171,222,312,499
141,feminine,Sol De Janeiro Cheirosa 71 -,Inspiration,Elysean Perfumes,"Fruity floral with passion fruit, pink pepper, and warm woods.","Passion Fruit, Pink Pepper, Woods, Floral, Fruity",Eau de Parfum — 20%,images/ProductCoverImage-Fem.png,50,174,226,322,524
142,feminine,Sol De Janeiro Cheirosa 78 -,Inspiration,Elysean Perfumes,"Fresh aquatic blend with sea notes, soft florals, and light musk.","Sea, Floral, Musk, Aquatic, Fresh",Eau de Parfum — 20%,images/ProductCoverImage-Fem.png,50,183,244,361,620
143,feminine,Tabu Dana,Inspiration,Elysean Perfumes,"Classic oriental with rose, jasmine, amber, and warm spicy base.","Rose, Jasmine, Amber, Spice, Oriental",Eau de Parfum — 20%,images/ProductCoverImage-Fem.png,50,199,274,427,783
144,feminine,Thierry Mugler Alien,Exact Match,Elysean Perfumes,Mysterious floral with white sambac jasmine and warm amber woods.,"Jasmine, Amber, Woods, Floral, Mysterious",Eau de Parfum — 20%,images/ProductCoverImage-Fem.png,50,182,242,356,607
145,feminine,Thierry Mugler Alien Goddess Type,Exact Match,Elysean Perfumes,"Luminous floral with jasmine, vanilla, and warm sandalwood glow.","Jasmine, Vanilla, Sandalwood, Floral, Luminous",Eau de Parfum — 20%,images/ProductCoverImage-Fem.png,50,196,268,414,751
146,feminine,Thierry Mugler Angel Type - Angelina,Exact Match,Elysean Perfumes,"Iconic gourmand with praline, chocolate, patchouli, and vanilla.","Praline, Chocolate, Patchouli, Vanilla, Gourmand",Eau de Parfum — 20%,images/ProductCoverImage-Fem.png,50,177,233,336,559
147,feminine,Tom Ford Black Orchid Type,Exact Match,Elysean Perfumes,"Dark, sensual and mysterious with black orchid, spices, and rich dark chocolate notes.","Black Orchid, Spice, Chocolate, Vanilla, Patchouli",Eau de Parfum — 20%,images/ProductCoverImage-Fem.png,50,177,233,336,559
148,feminine,Tommi Hilfiger Tommy Girl,Inspiration,Elysean Perfumes,"Fresh feminine floral with apple, violet, rose, and light musk.","Apple, Violet, Rose, Musk, Fresh",Eau de Parfum — 20%,images/ProductCoverImage-Fem.png,50,176,230,330,545
149,feminine,Versace Bright Crystal,Inspiration,Elysean Perfumes,"Light and fresh with pomegranate, peony, lotus, and soft musk.","Pomegranate, Peony, Lotus, Musk, Fresh",Eau de Parfum — 20%,images/ProductCoverImage-Fem.png,50,166,213,292,449
150,feminine,Versace Versace Eros Pour Femme,Exact Match,Elysean Perfumes,"Vibrant floral with lemon, pomegranate, peony, and warm musk.","Lemon, Pomegranate, Peony, Musk, Floral",Eau de Parfum — 20%,images/ProductCoverImage-Fem.png,50,181,240,352,598
151,feminine,Victoria'S Secret Bombshell Intense,Exact Match,Elysean Perfumes,"Bold fruity floral with exotic fruits, jasmine, and warm woods.","Exotic Fruits, Jasmine, Woods, Floral, Bold",Eau de Parfum — 20%,images/ProductCoverImage-Fem.png,50,175,228,325,533
152,feminine,Victoria'S Secret Bombshell Passion,Exact Match,Elysean Perfumes,"Passionate fruity floral with berries, jasmine, and warm vanilla.","Berries, Jasmine, Vanilla, Floral, Fruity",Eau de Parfum — 20%,images/ProductCoverImage-Fem.png,50,176,230,330,543
153,feminine,Victoria'S Secret Bombshell Seduction,Exact Match,Elysean Perfumes,"Sensual dark floral with blackcurrant, rose, and warm musk.","Blackcurrant, Rose, Musk, Floral, Dark",Eau de Parfum — 20%,images/ProductCoverImage-Fem.png,50,181,239,350,593
154,feminine,Victoria'S Secret Love Spell Golden,Exact Match,Elysean Perfumes,"Sweet romantic mist with cherry blossom, peach, and soft musk.","Cherry Blossom, Peach, Musk, Floral, Sweet",Eau de Parfum — 20%,images/ProductCoverImage-Fem.png,50,175,228,326,534
155,feminine,Victoria'S Secret Merlot And Pear,Exact Match,Elysean Perfumes,"Juicy and sweet with ripe pear, merlot wine, and soft floral undertones.","Pear, Merlot, Floral, Musk, Sweet",Eau de Parfum — 20%,images/ProductCoverImage-Fem.png,50,171,222,311,498
156,feminine,Victoria'S Secret Ruby Rose,Exact Match,Elysean Perfumes,"Romantic floral with rose, raspberry, and warm velvety woods.","Rose, Raspberry, Woods, Floral, Romantic",Eau de Parfum — 20%,images/ProductCoverImage-Fem.png,50,169,218,302,476
157,feminine,Victoria'S Secret Warm Horizon,Exact Match,Elysean Perfumes,"A cozy and inviting gourmand fragrance with warm caramel, toasted coconut, and soft vanilla for a comforting, sun-kissed feel.","Caramel, Coconut, Vanilla, Tonka Bean, Musk",Eau de Parfum — 20%,images/ProductCoverImage-Fem.png,50,165,210,285,433
158,feminine,Victoria'S Tease Candy Noir,Exact Match,Elysean Perfumes,"Dark gourmand with blackcurrant, jasmine, and sweet amber musk.","Blackcurrant, Jasmine, Amber, Musk, Dark",Eau de Parfum — 20%,images/ProductCoverImage-Fem.png,50,175,229,328,540
159,feminine,Viktor And Rolf Flower Bomb,Inspiration,Elysean Perfumes,"Explosive floral bouquet with jasmine, rose, orchid, and patchouli.","Jasmine, Rose, Orchid, Patchouli, Floral",Eau de Parfum — 20%,images/ProductCoverImage-Fem.png,50,168,216,298,465
160,feminine,Viktor And Rolf Flower Bomb Bloom,Inspiration,Elysean Perfumes,"Fresh light floral with peony, rose, and soft warm musk.","Peony, Rose, Musk, Floral, Fresh",Eau de Parfum — 20%,images/ProductCoverImage-Fem.png,50,179,235,342,574
161,feminine,Yara Pink (Ibc),Exact Match,Elysean Perfumes,Sweet and playful pink fragrance with tropical fruits and creamy vanilla.,"Tropical Fruit, Vanilla, Sugar, Musk, Floral",Eau de Parfum — 20%,images/ProductCoverImage-Fem.png,50,172,224,316,508
162,feminine,Yardley White Satin,Inspiration,Elysean Perfumes,"Soft powdery floral with jasmine, rose, and creamy musk.","Jasmine, Rose, Musk, Floral, Powdery",Eau de Parfum — 20%,images/ProductCoverImage-Fem.png,50,167,214,294,455
163,feminine,Ysl Black Opium,Exact Match,Elysean Perfumes,"Addictive dark floral with coffee, vanilla, and white flowers.","Coffee, Vanilla, White Flowers, Dark, Gourmand",Eau de Parfum — 20%,images/ProductCoverImage-Fem.png,50,199,274,427,785
164,feminine,Ysl Black Opium,Inspiration,Elysean Perfumes,"Addictive dark floral with coffee, vanilla, and white flowers.","Coffee, Vanilla, White Flowers, Dark, Gourmand",Eau de Parfum — 20%,images/ProductCoverImage-Fem.png,50,178,234,338,563
165,feminine,Ysl Libre,Exact Match,Elysean Perfumes,"Bold and empowering floral with lavender, orange blossom, and warm vanilla.","Lavender, Orange Blossom, Vanilla, Musk, Floral",Eau de Parfum — 20%,images/ProductCoverImage-Fem.png,50,199,273,425,779
166,feminine,Ysl M,Inspiration,Elysean Perfumes,"Elegant and refined woody-floral with fresh citrus, rose, and warm woods.","Citrus, Rose, Woods, Floral, Musk",Eau de Parfum — 20%,images/ProductCoverImage-Fem.png,50,173,225,319,517
167,feminine,Zadig And Voltaire This Is Love Her Type,Exact Match,Elysean Perfumes,"Romantic floral with rose, peony, and warm sandalwood musk.","Rose, Peony, Sandalwood, Musk, Floral",Eau de Parfum — 20%,images/ProductCoverImage-Fem.png,50,192,261,398,712
168,masculine,Abercrombie & Fitch Authentic Night,Exact Match,Elysean Perfumes,"Deep and masculine with lavender, sage, and warm woody notes for evening wear.","Lavender, Sage, Woods, Musk, Amber",Eau de Parfum — 20%,images/ProductCoverImage-Masc.png,50,189,255,384,678
169,masculine,Adidas Originals For Him,Inspiration,Elysean Perfumes,"Fresh sporty scent with citrus, lavender, and clean woody base.","Citrus, Lavender, Woods, Fresh, Sporty",Eau de Parfum — 20%,images/ProductCoverImage-Masc.png,50,169,218,302,476
170,masculine,Antonio Banderas Blue Seduction,Inspiration,Elysean Perfumes,"Fresh aromatic scent with citrus, violet leaf, and light woods.","Citrus, Violet Leaf, Woods, Fresh, Aromatic",Eau de Parfum — 20%,images/ProductCoverImage-Masc.png,50,164,208,281,423
171,masculine,Antonio Banderas For Men,Inspiration,Elysean Perfumes,"Warm masculine blend with woody spices, amber, and clean musk.","Spice, Amber, Musk, Woods, Warm",Eau de Parfum — 20%,images/ProductCoverImage-Masc.png,50,178,234,338,563
172,masculine,Aramis 900,Inspiration,Elysean Perfumes,"Classic aromatic chypre with herbs, oakmoss, and warm sandalwood.","Herbs, Oakmoss, Sandalwood, Chypre, Aromatic",Eau de Parfum — 20%,images/ProductCoverImage-Masc.png,50,194,263,404,726
173,masculine,Aramis Aramis Classic,Inspiration,Elysean Perfumes,"Bold masculine blend of leather, oakmoss, herbs, and warm spices.","Leather, Oakmoss, Herbs, Spice, Masculine",Eau de Parfum — 20%,images/ProductCoverImage-Masc.png,50,191,258,391,696
174,masculine,Aramis Havanva,Exact Match,Elysean Perfumes,"Oriental fragrance with rich tobacco, spicy notes, and warm woody undertones, evoking the spirit of classic Havana cigars.","Tobacco, Spice, Vanilla, Woods, Amber",Eau de Parfum — 20%,images/ProductCoverImage-Masc.png,50,171,222,312,499
175,masculine,Aramis New West,Inspiration,Elysean Perfumes,"Fresh aquatic aromatic with sea breeze, herbs, and warm cedar.","Sea Breeze, Herbs, Cedar, Aquatic, Fresh",Eau de Parfum — 20%,images/ProductCoverImage-Masc.png,50,183,243,358,614
176,masculine,Armaf Club De Nuit Intense Man,Exact Match,Elysean Perfumes,Bold woody oud with dark spices and a smoky masculine trail.,"Oud, Spice, Smoky, Woods, Masculine",Eau de Parfum — 20%,images/ProductCoverImage-Masc.png,50,226,324,536,"1,055"
177,masculine,Armani Acqua Di Gio For Men,Inspiration,Elysean Perfumes,"Intense aquatic woody with incense, marine notes, and dark woods.","Incense, Marine, Woods, Aquatic, Intense",Eau de Parfum — 20%,images/ProductCoverImage-Masc.png,50,184,245,363,627
178,masculine,Armani Acqua Di Gio Profumo,Inspiration,Elysean Perfumes,"Intense aquatic-woody with marine notes, incense, and dark woods.","Marine, Incense, Woods, Citrus, Musk",Eau de Parfum — 20%,images/ProductCoverImage-Masc.png,50,175,229,327,536
179,masculine,Armani Black Code,Inspiration,Elysean Perfumes,"Dark seductive blend with bergamot, tobacco, and warm guaiac wood.","Bergamot, Tobacco, Guaiac Wood, Dark, Seductive",Eau de Parfum — 20%,images/ProductCoverImage-Masc.png,50,182,242,356,607
180,masculine,Armani With You Intense,Inspiration,Elysean Perfumes,"Warm spiced floral with jasmine, cinnamon, and rich amber woods.","Jasmine, Cinnamon, Amber, Woods, Warm",Eau de Parfum — 20%,images/ProductCoverImage-Masc.png,50,184,245,363,625
181,masculine,Asad Lattafa,Exact Match,Elysean Perfumes,"Rich oriental woody with oud, spices, and warm amber resin.","Oud, Spice, Amber, Resin, Oriental",Eau de Parfum — 20%,images/ProductCoverImage-Masc.png,50,208,291,463,873
182,masculine,Avroy Shlain Endangered For Him,Inspiration,Elysean Perfumes,"Strong masculine woody with green notes, spices, and warm musk.","Green, Spice, Musk, Woods, Masculine",Eau de Parfum — 20%,images/ProductCoverImage-Masc.png,50,182,242,356,607
183,masculine,Azzaro Chrome Original,Exact Match,Elysean Perfumes,"Fresh aromatic aquatic with citrus, herbs, and clean wood base.","Citrus, Herbs, Woods, Aquatic, Fresh",Eau de Parfum — 20%,images/ProductCoverImage-Masc.png,50,181,239,350,593
184,masculine,Azzaro The Most Wanted,Exact Match,Elysean Perfumes,"Spicy woody aromatic with cardamom, cashmeran, and warm amber.","Cardamom, Cashmeran, Amber, Spicy, Woody",Eau de Parfum — 20%,images/ProductCoverImage-Masc.png,50,184,245,363,627
185,masculine,Azzaro Wanted,Inspiration,Elysean Perfumes,"Fresh spicy woody with ginger, grapefruit, and vetiver base.","Ginger, Grapefruit, Vetiver, Spicy, Fresh",Eau de Parfum — 20%,images/ProductCoverImage-Masc.png,50,176,230,330,545
186,masculine,B&B Works Bourbon Cologne,Exact Match,Elysean Perfumes,"Warm and rich with bourbon, oak, and warm vanilla musk.","Bourbon, Oak, Vanilla, Musk, Warm",Eau de Parfum — 20%,images/ProductCoverImage-Masc.png,50,184,245,363,625
187,masculine,B&B Works Clean Slate Cologne,Exact Match,Elysean Perfumes,"Fresh minimal scent with clean musk, soft citrus, and airy woods.","Musk, Citrus, Woods, Fresh, Clean",Eau de Parfum — 20%,images/ProductCoverImage-Masc.png,50,183,243,359,616
188,masculine,B&B Works Dark Amber And Oud,Exact Match,Elysean Perfumes,"Rich and smoky oriental with dark amber, oud, and warm spices.","Amber, Oud, Spice, Smoke, Musk",Eau de Parfum — 20%,images/ProductCoverImage-Masc.png,50,173,225,318,515
189,masculine,B&B Works Teakwood Cologne,Exact Match,Elysean Perfumes,"Bold masculine blend with mahogany teakwood, lavender, and oak.","Teakwood, Lavender, Oak, Mahogany, Masculine",Eau de Parfum — 20%,images/ProductCoverImage-Masc.png,50,181,241,353,602
190,masculine,B&B Works Whiskey Reserve Cologne,Exact Match,Elysean Perfumes,"Bold and smooth with whiskey, smoked oak, and warm spices.","Whiskey, Smoked Oak, Spice, Bold, Warm",Eau de Parfum — 20%,images/ProductCoverImage-Masc.png,50,181,239,350,593
191,masculine,Baccarat Rouge,Inspiration,Elysean Perfumes,"Luxurious and addictive with saffron, jasmine, amberwood, and sweet resin.","Saffron, Jasmine, Amberwood, Fir Resin, Musk",Eau de Parfum — 20%,images/ProductCoverImage-Masc.png,50,274,415,737,"1,552"
192,masculine,Bvlgari Bvlgari Man,Inspiration,Elysean Perfumes,"Elegant fresh aromatic with white tea, tobacco, and warm woods.","White Tea, Tobacco, Woods, Fresh, Aromatic",Eau de Parfum — 20%,images/ProductCoverImage-Masc.png,50,182,242,356,607
193,masculine,Bvlgari Man In Black 2010,Inspiration,Elysean Perfumes,"Intense oriental with rum, tuberose, spices, and dark amber.","Rum, Tuberose, Spice, Amber, Oriental",Eau de Parfum — 20%,images/ProductCoverImage-Masc.png,50,177,232,334,554
194,masculine,Carolina Herrera 212 VIP Man,Inspiration,Elysean Perfumes,"Vibrant warm woody with saffron, vetiver, and dark tonka bean.","Saffron, Vetiver, Tonka Bean, Woody, Warm",Eau de Parfum — 20%,images/ProductCoverImage-Masc.png,50,180,237,346,582
195,masculine,Carolina Herrera 212 VIP Man,Inspiration,Elysean Perfumes,"Vibrant warm woody with saffron, vetiver, and dark tonka bean.","Saffron, Vetiver, Tonka Bean, Woody, Warm",Eau de Parfum — 20%,images/ProductCoverImage-Masc.png,50,189,255,384,678
196,masculine,Chanel Allure Homme Sport,Inspiration,Elysean Perfumes,"Fresh sporty aromatic with citrus, pepper, and warm cedar base.","Citrus, Pepper, Cedar, Fresh, Sporty",Eau de Parfum — 20%,images/ProductCoverImage-Masc.png,50,181,240,351,597
197,masculine,Chanel Bleu De Chanel,Exact Match,Elysean Perfumes,"Sophisticated woody aromatic with citrus, labdanum, and sandalwood.","Citrus, Labdanum, Sandalwood, Woody, Aromatic",Eau de Parfum — 20%,images/ProductCoverImage-Masc.png,50,186,250,374,652
198,masculine,Chloe Atelier Des Fleurs Cedrus,Exact Match,Elysean Perfumes,Sophisticated cedarwood and floral blend with elegant woody structure.,"Cedarwood, Rose, Floral, Woody, Musk",Eau de Parfum — 20%,images/ProductCoverImage-Masc.png,50,205,285,452,845
199,masculine,Christian Dior Fahrenheit,Inspiration,Elysean Perfumes,"Iconic warm woody with violet, leather, and warm honey amber.","Violet, Leather, Amber, Honey, Woody",Eau de Parfum — 20%,images/ProductCoverImage-Masc.png,50,174,228,325,531
200,masculine,Christian Dior Homme Intense,Exact Match,Elysean Perfumes,"Dark rich floral with iris, orris root, and warm cedar.","Iris, Orris Root, Cedar, Floral, Dark",Eau de Parfum — 20%,images/ProductCoverImage-Masc.png,50,208,290,462,870
201,masculine,Christian Dior Sauvage,Inspiration,Elysean Perfumes,"Intense spicy woody with cinnamon, sandalwood, and dark amber.","Cinnamon, Sandalwood, Amber, Spicy, Intense",Eau de Parfum — 20%,images/ProductCoverImage-Masc.png,50,175,229,327,536
202,masculine,Christian Dior Sauvage Elixir,Exact Match,Elysean Perfumes,"Fresh and raw with bergamot, Sichuan pepper, and clean ambroxan.","Bergamot, Pepper, Ambroxan, Fresh, Raw",Eau de Parfum — 20%,images/ProductCoverImage-Masc.png,50,203,280,441,818
203,masculine,Creed Aventus Men,Inspiration,Elysean Perfumes,"Prestigious fruity chypre with pineapple, birch, oakmoss, and musk.","Pineapple, Birch, Oakmoss, Musk, Chypre",Eau de Parfum — 20%,images/ProductCoverImage-Masc.png,50,185,247,367,636
204,masculine,D&G The One Gold For Men,Exact Match,Elysean Perfumes,"Warm spiced oriental with tobacco, amber, ginger, and dark woods.","Tobacco, Amber, Ginger, Woods, Oriental",Eau de Parfum — 20%,images/ProductCoverImage-Masc.png,50,185,247,367,636
205,masculine,David Beckham Instinct,Inspiration,Elysean Perfumes,"Fresh aromatic with citrus, tonka, and warm masculine musk.","Citrus, Tonka Bean, Musk, Fresh, Aromatic",Eau de Parfum — 20%,images/ProductCoverImage-Masc.png,50,178,234,338,563
206,masculine,Davidof Cool Water For Men,Inspiration,Elysean Perfumes,"Classic fresh aquatic with lavender, mint, and warm cedarwood.","Lavender, Mint, Cedar, Aquatic, Fresh",Eau de Parfum — 20%,images/ProductCoverImage-Masc.png,50,172,222,313,501
207,masculine,Diesel Bad,Exact Match,Elysean Perfumes,"Bold oriental with tobacco, lavender, and warm resinous amber.","Tobacco, Lavender, Amber, Resin, Oriental",Eau de Parfum — 20%,images/ProductCoverImage-Masc.png,50,190,257,389,691
208,masculine,Diesel Bad,Inspiration,Elysean Perfumes,"Bold oriental with tobacco, lavender, and warm resinous amber.","Tobacco, Lavender, Amber, Resin, Oriental",Eau de Parfum — 20%,images/ProductCoverImage-Masc.png,50,177,233,337,561
209,masculine,Diesel Fuel For Life,Inspiration,Elysean Perfumes,"Fresh fruity woody with grapefruit, raspberry, and warm sandalwood.","Grapefruit, Raspberry, Sandalwood, Woody, Fruity",Eau de Parfum — 20%,images/ProductCoverImage-Masc.png,50,180,239,349,591
210,masculine,Diesel Only The Brave,Inspiration,Elysean Perfumes,"Bright and bold with lemon, violet, and warm amber leather.","Lemon, Violet, Amber, Leather, Bold",Eau de Parfum — 20%,images/ProductCoverImage-Masc.png,50,174,227,324,529
211,masculine,Diesel Plus Plus,Inspiration,Elysean Perfumes,"Fresh citrus woody with bergamot, herbs, and warm masculine base.","Bergamot, Herbs, Woods, Citrus, Fresh",Eau de Parfum — 20%,images/ProductCoverImage-Masc.png,50,186,249,371,647
212,masculine,Diesel Spirit of The Brave,Inspiration,Elysean Perfumes,"Bold and energetic with fresh citrus, spicy notes, and warm woody base.","Citrus, Spice, Woods, Lavender, Musk",Eau de Parfum — 20%,images/ProductCoverImage-Masc.png,50,174,226,322,523
213,masculine,Dolce & Gabbana Light Blue Men,Inspiration,Elysean Perfumes,"Fresh Mediterranean aromatic with citrus, rosemary, and cedarwood.","Citrus, Rosemary, Cedar, Fresh, Mediterranean",Eau de Parfum — 20%,images/ProductCoverImage-Masc.png,50,177,232,335,556
214,masculine,Dolce & Gabbana The One Men,Inspiration,Elysean Perfumes,"Warm spiced tobacco with ginger, orange blossom, and amber.","Tobacco, Ginger, Orange Blossom, Amber, Spiced",Eau de Parfum — 20%,images/ProductCoverImage-Masc.png,50,181,240,352,598
215,masculine,Dolce And Gabbana K,Exact Match,Elysean Perfumes,"Fresh aromatic fougere with bergamot, carrot, and warm cedarwood.","Bergamot, Carrot, Cedar, Fresh, Fougere",Eau de Parfum — 20%,images/ProductCoverImage-Masc.png,50,170,220,308,488
216,masculine,Dunhill Desire Black,Inspiration,Elysean Perfumes,"Dark woody oriental with black pepper, amber, and smoky woods.","Black Pepper, Amber, Smoky, Woods, Oriental",Eau de Parfum — 20%,images/ProductCoverImage-Masc.png,50,189,254,383,675
217,masculine,Dunhill Desire Blue,Inspiration,Elysean Perfumes,"Fresh aquatic woody with citrus, sage, and light cedarwood.","Citrus, Sage, Cedar, Aquatic, Fresh",Eau de Parfum — 20%,images/ProductCoverImage-Masc.png,50,175,228,325,533
218,masculine,Dunhill Desire Red,Inspiration,Elysean Perfumes,"Warm spicy oriental with cinnamon, amber, and rich woody base.","Cinnamon, Amber, Woods, Spicy, Oriental",Eau de Parfum — 20%,images/ProductCoverImage-Masc.png,50,176,230,330,545
219,masculine,Ferrari Ferrari Black,Inspiration,Elysean Perfumes,"Fresh aromatic with citrus, lavender, and clean woody musk.","Citrus, Lavender, Musk, Woods, Fresh",Eau de Parfum — 20%,images/ProductCoverImage-Masc.png,50,181,240,352,598
220,masculine,Fugazzi Vanilla Haze,Exact Match,Elysean Perfumes,"Dreamy warm vanilla with soft musk, light woods, and creamy sweetness.","Vanilla, Musk, Woods, Creamy, Warm",Eau de Parfum — 20%,images/ProductCoverImage-Masc.png,50,191,259,394,701
221,masculine,Givenchy Blue,Inspiration,Elysean Perfumes,"Fresh aromatic aquatic with citrus, mint, and clean cedarwood.","Citrus, Mint, Cedar, Aquatic, Fresh",Eau de Parfum — 20%,images/ProductCoverImage-Masc.png,50,170,219,307,487
222,masculine,Givenchy Gentlemen Only Absolute,Inspiration,Elysean Perfumes,"Warm woody aromatic with iris, tonka bean, and dark patchouli.","Iris, Tonka Bean, Patchouli, Woody, Warm",Eau de Parfum — 20%,images/ProductCoverImage-Masc.png,50,182,242,356,607
223,masculine,Gucci Guilty Black For Men,Inspiration,Elysean Perfumes,"Intense aromatic with lavender, orange blossom, and dark patchouli.","Lavender, Orange Blossom, Patchouli, Aromatic, Intense",Eau de Parfum — 20%,images/ProductCoverImage-Masc.png,50,180,239,349,591
224,masculine,Guy Laroche Drakkar Noir,Inspiration,Elysean Perfumes,"Classic fougere with lavender, rosemary, cedar, and leather.","Lavender, Rosemary, Cedar, Leather, Fougere",Eau de Parfum — 20%,images/ProductCoverImage-Masc.png,50,181,239,350,593
225,masculine,Hermes Terre Dhermes,Inspiration,Elysean Perfumes,"Earthy mineral woody with orange, flint, vetiver, and cedar.","Orange, Flint, Vetiver, Cedar, Earthy",Eau de Parfum — 20%,images/ProductCoverImage-Masc.png,50,186,249,371,646
226,masculine,Hugo Boss Boss Bottled,Inspiration,Elysean Perfumes,Classic warm apple and spice with sandalwood and warm woods.,"Apple, Spice, Sandalwood, Woods, Warm",Eau de Parfum — 20%,images/ProductCoverImage-Masc.png,50,182,242,356,607
227,masculine,Hugo Boss Boss Bottled Intense,Inspiration,Elysean Perfumes,"Rich and warm with apple, cinnamon, vanilla, and dark wood.","Apple, Cinnamon, Vanilla, Woods, Warm",Eau de Parfum — 20%,images/ProductCoverImage-Masc.png,50,180,239,349,591
228,masculine,Hugo Boss Boss Bottled Oud,Inspiration,Elysean Perfumes,"Luxurious dark oud with spices, leather, and warm resinous woods.","Oud, Spice, Leather, Resin, Woods",Eau de Parfum — 20%,images/ProductCoverImage-Masc.png,50,180,239,349,591
229,masculine,Hugo Boss Dark Blue,Inspiration,Elysean Perfumes,"Fresh aquatic woody with citrus, seaweed, and warm sandalwood.","Citrus, Seaweed, Sandalwood, Aquatic, Fresh",Eau de Parfum — 20%,images/ProductCoverImage-Masc.png,50,175,229,327,536
230,masculine,Hugo Boss Hugo,Inspiration,Elysean Perfumes,"Fresh green aromatic with apple, mint, and clean cedarwood.","Apple, Mint, Cedar, Fresh, Green",Eau de Parfum — 20%,images/ProductCoverImage-Masc.png,50,173,224,318,513
231,masculine,Hugo Boss Orange,Inspiration,Elysean Perfumes,"Warm fruity woody with citrus, peach, and light sandalwood.","Citrus, Peach, Sandalwood, Fruity, Warm",Eau de Parfum — 20%,images/ProductCoverImage-Masc.png,50,193,263,402,723
232,masculine,Hugo Intense Hugo Boss,Exact Match,Elysean Perfumes,"Bold aromatic with violet, woody spices, and warm amber musk.","Violet, Spice, Amber, Musk, Aromatic",Eau de Parfum — 20%,images/ProductCoverImage-Masc.png,50,181,240,351,597
233,masculine,Issey Miyake Issey Miyake Sport,Inspiration,Elysean Perfumes,"Fresh aquatic with citrus, marine notes, and clean woody base.","Citrus, Marine, Woods, Aquatic, Fresh",Eau de Parfum — 20%,images/ProductCoverImage-Masc.png,50,174,227,324,529
234,masculine,Issey Miyake Leau Dissey Pour Homme,Inspiration,Elysean Perfumes,"Iconic fresh aquatic with yuzu, sage, and clean cedarwood.","Yuzu, Sage, Cedar, Aquatic, Fresh",Eau de Parfum — 20%,images/ProductCoverImage-Masc.png,50,178,234,338,563
235,masculine,Jean Paul Gaultier Le Male,Inspiration,Elysean Perfumes,"Classic fougere with lavender, mint, vanilla, and warm amber.","Lavender, Mint, Vanilla, Amber, Fougere",Eau de Parfum — 20%,images/ProductCoverImage-Masc.png,50,174,226,321,522
236,masculine,Jean Paul Gaultier Scandal For Men,Exact Match,Elysean Perfumes,"Bold spicy woody with blood orange, nutmeg, and warm vetiver.","Blood Orange, Nutmeg, Vetiver, Spicy, Woody",Eau de Parfum — 20%,images/ProductCoverImage-Masc.png,50,181,240,351,597
237,masculine,Jean Paul Le Male Le Parfum,Exact Match,Elysean Perfumes,"Intense and rich with lavender, vanilla, iris, and warm woods.","Lavender, Vanilla, Iris, Woods, Intense",Eau de Parfum — 20%,images/ProductCoverImage-Masc.png,50,180,239,349,591
238,masculine,Jo Malone Oud And Bergamot,Exact Match,Elysean Perfumes,Sophisticated blend of rich oud and bright bergamot with woody undertones.,"Oud, Bergamot, Woods, Citrus, Musk",Eau de Parfum — 20%,images/ProductCoverImage-Masc.png,50,202,278,437,808
239,masculine,Joop Joop Homme,Inspiration,Elysean Perfumes,"Bold oriental floral with jasmine, cinnamon, vanilla, and musk.","Jasmine, Cinnamon, Vanilla, Musk, Oriental",Eau de Parfum — 20%,images/ProductCoverImage-Masc.png,50,198,272,422,771
240,masculine,Juliette Has A Gun Ode To Dullness,Exact Match,Elysean Perfumes,"Soft, powdery and comforting scent with iris, vanilla, and creamy woods.","Iris, Vanilla, Powdery, Woods, Musk",Eau de Parfum — 20%,images/ProductCoverImage-Masc.png,50,183,244,361,622
241,masculine,Lacoste Blue,Inspiration,Elysean Perfumes,"Fresh aquatic aromatic with citrus, rosewood, and cedarwood.","Citrus, Rosewood, Cedar, Aquatic, Fresh",Eau de Parfum — 20%,images/ProductCoverImage-Masc.png,50,180,239,349,591
242,masculine,Lacoste Essential,Inspiration,Elysean Perfumes,"Clean green aromatic with tomato leaf, iris, and light woods.","Tomato Leaf, Iris, Woods, Green, Clean",Eau de Parfum — 20%,images/ProductCoverImage-Masc.png,50,174,227,324,529
243,masculine,Legacy Cristiano Ronaldo,Inspiration,Elysean Perfumes,"Fresh woody aromatic with citrus, lavender, and warm cedarwood.","Citrus, Lavender, Cedar, Fresh, Woody",Eau de Parfum — 20%,images/ProductCoverImage-Masc.png,50,166,212,290,446
244,masculine,Loccitane Osmathus,Exact Match,Elysean Perfumes,Delicate and refined floral fragrance centered around osmanthus.,"Osmanthus, Apricot, Leather, Floral, Musk",Eau de Parfum — 20%,images/ProductCoverImage-Masc.png,50,173,225,318,515
245,masculine,Maison Francis Kurkdjian Paris Oud Satin Mood Exact,Exact Match,Elysean Perfumes,"Velvety oud with rose, vanilla, and soft woody incense.","Oud, Rose, Vanilla, Incense, Woody",Eau de Parfum — 20%,images/ProductCoverImage-Masc.png,50,202,279,439,813
246,masculine,Maison Crivelli Hibiscus Mahajad,Exact Match,Elysean Perfumes,"Vibrant tropical floral with hibiscus, citrus, and light woods.","Hibiscus, Citrus, Woods, Floral, Tropical",Eau de Parfum — 20%,images/ProductCoverImage-Masc.png,50,196,268,413,749
247,masculine,Maison Francis Kurkdjian 724,Inspiration,Elysean Perfumes,"Luminous and fresh with bergamot, white musk, and soft woods.","Bergamot, White Musk, Woods, Fresh, Luminous",Eau de Parfum — 20%,images/ProductCoverImage-Masc.png,50,199,273,425,779
248,masculine,Maison Francis Kurkdijan Baccarat Rouge,Inspiration,Elysean Perfumes,"Iconic luxurious scent with saffron, jasmine, amberwood, and sweet woody notes.","Saffron, Jasmine, Amberwood, Fir Resin, Musk",Eau de Parfum — 20%,images/ProductCoverImage-Masc.png,50,208,290,462,870
249,masculine,Maison Francis Kurkdjian Apom Eau De Parfum,Exact Match,Elysean Perfumes,"Elegant warm floral with orange blossom, amber, and precious woods.","Orange Blossom, Amber, Woods, Floral, Warm",Eau de Parfum — 20%,images/ProductCoverImage-Masc.png,50,193,262,401,719
250,masculine,Michael Kors Michael For Men,Inspiration,Elysean Perfumes,"Fresh and sophisticated with citrus, sage, and warm sandalwood.","Citrus, Sage, Sandalwood, Musk, Woody",Eau de Parfum — 20%,images/ProductCoverImage-Masc.png,50,178,234,339,566
251,masculine,Molton Brown Coastal Cypress & Sea Fennel,Exact Match,Elysean Perfumes,Fresh coastal fragrance with crisp cypress and sea fennel.,"Cypress, Sea Fennel, Marine, Woody, Musk",Eau de Parfum — 20%,images/ProductCoverImage-Masc.png,50,175,228,325,533
252,masculine,Molton Brown Heavenly Ginger Lily,Exact Match,Elysean Perfumes,"Exotic floral with spicy ginger, lily, and warm tropical woods.","Ginger, Lily, Woods, Floral, Musk",Eau de Parfum — 20%,images/ProductCoverImage-Masc.png,50,174,227,324,529
253,masculine,Mont Blanc Explorer,Inspiration,Elysean Perfumes,"Fresh woody aromatic with bergamot, vetiver, and warm leather.","Bergamot, Vetiver, Leather, Fresh, Woody",Eau de Parfum — 20%,images/ProductCoverImage-Masc.png,50,177,232,335,556
254,masculine,Mont Blanc Legend,Inspiration,Elysean Perfumes,"Clean aromatic with lavender, oakmoss, and warm woody musk.","Lavender, Oakmoss, Musk, Woods, Aromatic",Eau de Parfum — 20%,images/ProductCoverImage-Masc.png,50,180,237,346,582
255,masculine,Montale Arabians White Oud,Inspiration,Elysean Perfumes,"Creamy white oud with rose, sandalwood, and soft amber musk.","Oud, Rose, Sandalwood, Amber, Musk",Eau de Parfum — 20%,images/ProductCoverImage-Masc.png,50,193,263,402,723
256,masculine,Montale White Oud,Inspiration,Elysean Perfumes,"Soft luminous oud with white florals, vanilla, and sandalwood.","Oud, White Florals, Vanilla, Sandalwood, Musk",Eau de Parfum — 20%,images/ProductCoverImage-Masc.png,50,189,254,384,676
257,masculine,Paco Rabanne 1 Million,Exact Match,Elysean Perfumes,"Bold spicy oriental with blood mandarin, cinnamon, and leather.","Blood Mandarin, Cinnamon, Leather, Spicy, Oriental",Eau de Parfum — 20%,images/ProductCoverImage-Masc.png,50,211,296,476,905
258,masculine,Paco Rabanne 1 Million,Inspiration,Elysean Perfumes,"Bold spicy oriental with blood mandarin, cinnamon, and leather.","Blood Mandarin, Cinnamon, Leather, Spicy, Oriental",Eau de Parfum — 20%,images/ProductCoverImage-Masc.png,50,174,227,323,526
259,masculine,Paco Rabanne Black Xs Men,Exact Match,Elysean Perfumes,"Dark gothic blend with heliotrope, cacao, and warm leather.","Heliotrope, Cacao, Leather, Dark, Gothic",Eau de Parfum — 20%,images/ProductCoverImage-Masc.png,50,191,259,394,701
260,masculine,Paco Rabanne Black Xs Men,Inspiration,Elysean Perfumes,"Dark gothic blend with heliotrope, cacao, and warm leather.","Heliotrope, Cacao, Leather, Dark, Gothic",Eau de Parfum — 20%,images/ProductCoverImage-Masc.png,50,174,227,323,527
261,masculine,Paco Rabanne Invictus,Exact Match,Elysean Perfumes,"Fresh marine woody with grapefruit, bay laurel, and guaiac wood.","Grapefruit, Bay Laurel, Guaiac Wood, Marine, Fresh",Eau de Parfum — 20%,images/ProductCoverImage-Masc.png,50,178,234,338,563
262,masculine,Paco Rabanne Invictus Intense,Inspiration,Elysean Perfumes,"Warm spiced woody with cardamom, amber, and dark sandalwood.","Cardamom, Amber, Sandalwood, Spiced, Woody",Eau de Parfum — 20%,images/ProductCoverImage-Masc.png,50,183,243,359,616
263,masculine,Paco Rabanne One Million Elixir,Exact Match,Elysean Perfumes,"Intense warm oriental with cinnamon, myrrh, and dark leather.","Cinnamon, Myrrh, Leather, Oriental, Intense",Eau de Parfum — 20%,images/ProductCoverImage-Masc.png,50,193,263,401,721
264,masculine,Paco Rabanne Phantom,Exact Match,Elysean Perfumes,"Fresh citrus aromatic with lavender, lemon, and warm woody base.","Lavender, Lemon, Woods, Citrus, Fresh",Eau de Parfum — 20%,images/ProductCoverImage-Masc.png,50,185,247,367,636
265,masculine,Penhaligons Halfeti,Exact Match,Elysean Perfumes,Rich and opulent oriental rose fragrance with oud and dark woods.,"Rose, Oud, Spice, Leather, Musk",Eau de Parfum — 20%,images/ProductCoverImage-Masc.png,50,189,255,385,680
266,masculine,Polo Ultra Blue,Inspiration,Elysean Perfumes,"Fresh aquatic with citrus, water notes, and light cedarwood.","Citrus, Water, Cedar, Aquatic, Fresh",Eau de Parfum — 20%,images/ProductCoverImage-Masc.png,50,178,235,341,570
267,masculine,Roberto Cavali Just Cavalli For Men,Inspiration,Elysean Perfumes,"Fresh aromatic with citrus, spices, and warm woody musk.","Citrus, Spice, Musk, Woods, Fresh",Eau de Parfum — 20%,images/ProductCoverImage-Masc.png,50,182,242,356,607
268,masculine,Ted Lapedus Lapidus Pour Homme,Inspiration,Elysean Perfumes,"Classic fougere with lavender, leather, and warm woody base.","Lavender, Leather, Woods, Fougere, Classic",Eau de Parfum — 20%,images/ProductCoverImage-Masc.png,50,180,239,349,591
269,masculine,Thierry Muglier A Men,Inspiration,Elysean Perfumes,"Iconic gourmand with patchouli, coffee, caramel, and dark woods.","Patchouli, Coffee, Caramel, Woods, Gourmand",Eau de Parfum — 20%,images/ProductCoverImage-Masc.png,50,181,240,352,598
270,masculine,Tom Ford Costa Azurre,Exact Match,Elysean Perfumes,"Fresh Mediterranean with citrus, sea spray, and light woody musk.","Citrus, Marine, Woods, Musk, Fresh",Eau de Parfum — 20%,images/ProductCoverImage-Masc.png,50,203,281,442,820
271,masculine,Tom Ford Leather Ombre,Exact Match,Elysean Perfumes,"Rich and sensual leather fragrance with jasmine, patchouli, and warm amber.","Leather, Jasmine, Patchouli, Amber, Musk",Eau de Parfum — 20%,images/ProductCoverImage-Masc.png,50,222,316,520,"1,014"
272,masculine,Tom Ford Noir,Inspiration,Elysean Perfumes,"Sophisticated oriental with violet, amber, and warm woody spices.","Violet, Amber, Spice, Woods, Oriental",Eau de Parfum — 20%,images/ProductCoverImage-Masc.png,50,184,246,364,629
273,masculine,Tom Ford Oud Wood Type,Exact Match,Elysean Perfumes,"Warm smoky oud with cardamom, sandalwood, and dark amber.","Oud, Cardamom, Sandalwood, Amber, Musk",Eau de Parfum — 20%,images/ProductCoverImage-Masc.png,50,200,276,430,792
274,masculine,Tom Ford Tuscan Leather,Exact Match,Elysean Perfumes,"Rich leathery scent with raspberry, saffron, and warm dark leather.","Raspberry, Saffron, Leather, Rich, Warm",Eau de Parfum — 20%,images/ProductCoverImage-Masc.png,50,199,274,427,785
275,masculine,Tommy Hilfiger Tommy Boy,Inspiration,Elysean Perfumes,"Fresh green aromatic with mint, lavender, and warm cedarwood.","Mint, Lavender, Cedar, Fresh, Green",Eau de Parfum — 20%,images/ProductCoverImage-Masc.png,50,178,234,338,563
276,masculine,Tsar Gold,Inspiration,Elysean Perfumes,"Classic floral aromatic with lavender, carnation, and warm amber.","Lavender, Carnation, Amber, Floral, Aromatic",Eau de Parfum — 20%,images/ProductCoverImage-Masc.png,50,259,387,675,"1,397"
277,masculine,Van Cleef & Arpels Tsar,Inspiration,Elysean Perfumes,"Elegant aromatic with lavender, caraway, and warm sandalwood.","Lavender, Caraway, Sandalwood, Aromatic, Elegant",Eau de Parfum — 20%,images/ProductCoverImage-Masc.png,50,191,258,391,696
278,masculine,Versace Dylan Blue Men,Inspiration,Elysean Perfumes,"Fresh aquatic aromatic with fig leaves, violet, and saffron.","Fig Leaf, Violet, Saffron, Aquatic, Fresh",Eau de Parfum — 20%,images/ProductCoverImage-Masc.png,50,177,232,334,554
279,masculine,Versace Eros Flame Homme,Inspiration,Elysean Perfumes,"Warm oriental with lemon, rosemary, pepper, and cedarwood.","Lemon, Rosemary, Pepper, Cedar, Oriental",Eau de Parfum — 20%,images/ProductCoverImage-Masc.png,50,183,243,358,614
280,masculine,Versace Eros For Men,Exact Match,Elysean Perfumes,"Fresh aromatic with mint, green apple, tonka, and vanilla woods.","Mint, Green Apple, Tonka Bean, Vanilla, Fresh",Eau de Parfum — 20%,images/ProductCoverImage-Masc.png,50,183,243,359,616
281,masculine,Versace Pour Homme Oud Noir Type,Exact Match,Elysean Perfumes,"Dark oud woody with spices, amber, and warm resinous base.","Oud, Spice, Amber, Resin, Dark",Eau de Parfum — 20%,images/ProductCoverImage-Masc.png,50,191,258,391,696
282,masculine,Versace Pour Homme (Sc),Exact Match,Elysean Perfumes,"Fresh Mediterranean blend with citrus, hyacinth, and cedarwood.","Citrus, Hyacinth, Cedar, Fresh, Mediterranean",Eau de Parfum — 20%,images/ProductCoverImage-Masc.png,50,176,231,333,552
283,masculine,Versace Versace Pour Homme,Inspiration,Elysean Perfumes,"Fresh Mediterranean blend with citrus, hyacinth, and cedarwood.","Citrus, Hyacinth, Cedarwood, Fresh, Woody",Eau de Parfum — 20%,images/ProductCoverImage-Masc.png,50,174,227,323,527
284,masculine,Viktor And Rolf Spicebomb Infrared Type,Exact Match,Elysean Perfumes,"Intense spicy woody with chilli, pepper, vetiver, and warm musk.","Chilli, Pepper, Vetiver, Musk, Spicy",Eau de Parfum — 20%,images/ProductCoverImage-Masc.png,50,188,253,381,669
285,masculine,Ysl Body Kouros Black,Inspiration,Elysean Perfumes,"Bold oriental with honey, incense, and warm woody spices.","Honey, Incense, Spice, Woods, Oriental",Eau de Parfum — 20%,images/ProductCoverImage-Masc.png,50,185,247,367,636
286,masculine,Ysl Kouros Original,Exact Match,Elysean Perfumes,"Classic aromatic fougere with lavender, leather, and oakmoss.","Lavender, Leather, Oakmoss, Fougere, Classic",Eau de Parfum — 20%,images/ProductCoverImage-Masc.png,50,203,281,442,820
287,masculine,Zadig And Voltaire This Is Love Him,Exact Match,Elysean Perfumes,"Fresh woody with citrus, apple, cedar, and warm vanilla musk.","Citrus, Apple, Cedar, Vanilla, Fresh",Eau de Parfum — 20%,images/ProductCoverImage-Masc.png,50,219,310,507,982
288,unisex,Andromeda Tiziana Terenzi,Exact Match,Elysean Perfumes,Celestial floral-woody fragrance with bright citrus and creamy sandalwood.,"Citrus, Floral, Sandalwood, Woody, Creamy",Eau de Parfum — 20%,images/ProductCoverImage-Unisex.png,50,206,288,457,858
289,unisex,Aqua Di Parma Colonia,Exact Match,Elysean Perfumes,Classic Italian citrus cologne with fresh neroli and warm woody base.,"Citrus, Neroli, Woods, Fresh, Classic",Eau de Parfum — 20%,images/ProductCoverImage-Unisex.png,50,185,248,370,643
290,unisex,Asad Lattafa,Exact Match,Elysean Perfumes,"Rich oriental woody with oud, spices, and warm amber resin.","Oud, Spice, Amber, Resin, Oriental",Eau de Parfum — 20%,images/ProductCoverImage-Unisex.png,50,208,291,463,873
291,unisex,Baccarat Rouge,Inspiration,Elysean Perfumes,"Iconic luminous blend of jasmine, saffron, amberwood, and fir resin.","Jasmine, Saffron, Amberwood, Fir Resin, Luminous",Eau de Parfum — 20%,images/ProductCoverImage-Unisex.png,50,274,415,737,"1,552"
292,unisex,B&B Works Noir Cologne,Exact Match,Elysean Perfumes,"Dark and mysterious blend with smoky woods, amber, and black musk.","Smoky, Woods, Amber, Musk, Dark",Eau de Parfum — 20%,images/ProductCoverImage-Unisex.png,50,173,225,320,518
293,unisex,B&B Works Teakwood Cologne,Exact Match,Elysean Perfumes,"Bold masculine blend with mahogany teakwood, lavender, and oak.","Teakwood, Lavender, Oak, Mahogany, Bold",Eau de Parfum — 20%,images/ProductCoverImage-Unisex.png,50,181,241,353,602
294,unisex,B&B Works Whiskey Reserve Cologne,Exact Match,Elysean Perfumes,"Bold and smooth with whiskey, smoked oak, and warm spices.","Whiskey, Smoked Oak, Spice, Bold, Warm",Eau de Parfum — 20%,images/ProductCoverImage-Unisex.png,50,181,239,350,593
295,unisex,Brown Orchid Rose Edition,Exact Match,Elysean Perfumes,"Rich floral with dark rose, oud, and warm amber resin.","Dark Rose, Oud, Amber, Resin, Floral",Eau de Parfum — 20%,images/ProductCoverImage-Unisex.png,50,182,242,356,609
296,unisex,Calvin Klein Ck One,Inspiration,Elysean Perfumes,"Fresh clean unisex scent with citrus, green tea, and light woods.","Citrus, Green Tea, Woods, Fresh, Clean",Eau de Parfum — 20%,images/ProductCoverImage-Unisex.png,50,196,267,412,747
297,unisex,Chloe Atelier Des Fleurs Cedrus,Exact Match,Elysean Perfumes,"Sophisticated woody-floral with cedarwood, rose, and soft powdery notes.","Cedarwood, Rose, Jasmine, Powder, Musk",Eau de Parfum — 20%,images/ProductCoverImage-Unisex.png,50,205,285,452,845
298,unisex,Christian Dior Oud Ispahan,Inspiration,Elysean Perfumes,"Opulent rose oud with labdanum, patchouli, and warm sandalwood.","Rose, Oud, Labdanum, Patchouli, Sandalwood",Eau de Parfum — 20%,images/ProductCoverImage-Unisex.png,50,188,253,381,669
299,unisex,Diptyque Do Son,Exact Match,Elysean Perfumes,"Soft sheer floral with tuberose, rose, and light powdery musk.","Tuberose, Rose, Musk, Floral, Powdery",Eau de Parfum — 20%,images/ProductCoverImage-Unisex.png,50,197,270,419,763
300,unisex,Diptyque Eau Duelle,Exact Match,Elysean Perfumes,"Elegant blend of black tea, incense, and soft spices with a woody base.","Black Tea, Incense, Spice, Woods, Musk",Eau de Parfum — 20%,images/ProductCoverImage-Unisex.png,50,198,272,422,772
301,unisex,Fugazzi Vanilla Haze,Exact Match,Elysean Perfumes,"Dreamy warm vanilla with soft musk, light woods, and creamy sweetness.","Vanilla, Musk, Woods, Creamy, Warm",Eau de Parfum — 20%,images/ProductCoverImage-Unisex.png,50,191,259,394,701
302,unisex,Gucci Intense Oud,Inspiration,Elysean Perfumes,"Bold dark oud with incense, patchouli, and warm resinous spices.","Oud, Incense, Patchouli, Resin, Dark",Eau de Parfum — 20%,images/ProductCoverImage-Unisex.png,50,180,238,348,589
303,unisex,Gucci Oud,Inspiration,Elysean Perfumes,"Smooth oriental oud with rose, leather, and warm amber woods.","Oud, Rose, Leather, Amber, Woods",Eau de Parfum — 20%,images/ProductCoverImage-Unisex.png,50,177,233,335,558
304,unisex,Jasoor Lattafa,Exact Match,Elysean Perfumes,"Rich oriental blend with oud, spices, rose, and dark amber.","Oud, Spice, Rose, Amber, Oriental",Eau de Parfum — 20%,images/ProductCoverImage-Unisex.png,50,180,237,346,582
305,unisex,Jo Malone Oud And Bergamot,Exact Match,Elysean Perfumes,Fresh citrus meets rich oud with bergamot and warm cedar.,"Oud, Bergamot, Cedar, Citrus, Fresh",Eau de Parfum — 20%,images/ProductCoverImage-Unisex.png,50,202,278,437,808
306,unisex,Jo Malone Pomegranate Noir Cologne,Exact Match,Elysean Perfumes,"Fruity-woody with pomegranate, pink pepper, and dark woods.","Pomegranate, Pink Pepper, Woods, Fruity, Dark",Eau de Parfum — 20%,images/ProductCoverImage-Unisex.png,50,211,295,474,900
307,unisex,Jo Malone Velvet Rose And Oud Cologne,Exact Match,Elysean Perfumes,"Opulent rose with rich oud, velvet woods, and smoky incense.","Rose, Oud, Woods, Incense, Musk",Eau de Parfum — 20%,images/ProductCoverImage-Unisex.png,50,206,286,453,849
308,unisex,Juliette Has A Gun Ode To Dullness,Exact Match,Elysean Perfumes,"Soft, powdery and comforting scent with iris, vanilla, and creamy woods.","Iris, Vanilla, Powdery, Woods, Musk",Eau de Parfum — 20%,images/ProductCoverImage-Unisex.png,50,183,244,361,622
309,unisex,Le Labo Palo Santo Type,Inspiration,Elysean Perfumes,"Warm, woody and spiritual with palo santo, incense, and creamy woods.","Palo Santo, Incense, Woods, Creamy, Musk",Eau de Parfum — 20%,images/ProductCoverImage-Unisex.png,50,166,212,291,447
310,unisex,Le Labo Santal,Inspiration,Elysean Perfumes,"Iconic unisex woody scent with sandalwood, cedar, and leather.","Sandalwood, Cedar, Leather, Woody, Iconic",Eau de Parfum — 20%,images/ProductCoverImage-Unisex.png,50,189,255,386,682
311,unisex,Loccitane Osmathus,Exact Match,Elysean Perfumes,Delicate and refined floral fragrance centered around osmanthus.,"Osmanthus, Apricot, Leather, Floral, Musk",Eau de Parfum — 20%,images/ProductCoverImage-Unisex.png,50,173,225,318,515
312,unisex,Maison Francis Kurkdjian Paris Oud Satin Mood Exact,Exact Match,Elysean Perfumes,"Velvety oud with rose, vanilla, and soft woody incense.","Oud, Rose, Vanilla, Incense, Woody",Eau de Parfum — 20%,images/ProductCoverImage-Unisex.png,50,202,279,439,813
313,unisex,Maison Crivelli Hibiscus Mahajad,Exact Match,Elysean Perfumes,"Vibrant tropical floral with hibiscus, citrus, and light woods.","Hibiscus, Citrus, Woods, Floral, Tropical",Eau de Parfum — 20%,images/ProductCoverImage-Unisex.png,50,196,268,413,749
314,unisex,Maison Francis Kurkdijan Baccarat Rouge,Inspiration,Elysean Perfumes,"Luminous blend of jasmine, saffron, amberwood, and fir resin.","Jasmine, Saffron, Amberwood, Fir Resin, Luminous",Eau de Parfum — 20%,images/ProductCoverImage-Unisex.png,50,208,290,462,870
315,unisex,Maison Francis Kurkdjian Apom Eau De Parfum,Exact Match,Elysean Perfumes,"Elegant warm floral with orange blossom, amber, and precious woods.","Orange Blossom, Amber, Woods, Floral, Warm",Eau de Parfum — 20%,images/ProductCoverImage-Unisex.png,50,193,262,401,719
316,unisex,Molton Brown Coastal Cypress & Sea Fennel,Exact Match,Elysean Perfumes,"Fresh coastal blend with cypress, sea fennel, and clean driftwood.","Cypress, Sea Fennel, Driftwood, Coastal, Fresh",Eau de Parfum — 20%,images/ProductCoverImage-Unisex.png,50,175,228,325,533
317,unisex,Molton Brown Fiery Pink Pepper,Exact Match,Elysean Perfumes,"Bold spicy floral with pink pepper, jasmine, and warm woods.","Pink Pepper, Jasmine, Woods, Spicy, Bold",Eau de Parfum — 20%,images/ProductCoverImage-Unisex.png,50,169,218,302,476
318,unisex,Molton Brown Heavenly Ginger Lily,Exact Match,Elysean Perfumes,"Exotic floral with spicy ginger, lily, and warm tropical woods.","Ginger, Lily, Woods, Floral, Exotic",Eau de Parfum — 20%,images/ProductCoverImage-Unisex.png,50,174,227,324,529
319,unisex,Molton Brown Orange And Bergamot,Exact Match,Elysean Perfumes,"Bright and refreshing citrus with orange, bergamot, and soft woody base.","Orange, Bergamot, Woody, Citrus, Musk",Eau de Parfum — 20%,images/ProductCoverImage-Unisex.png,50,165,210,285,433
320,unisex,Montale Arabians White Oud,Inspiration,Elysean Perfumes,"Creamy white oud with rose, sandalwood, and soft amber musk.","Oud, Rose, Sandalwood, Amber, Creamy",Eau de Parfum — 20%,images/ProductCoverImage-Unisex.png,50,193,263,402,723
321,unisex,Montale Black Aoud,Exact Match,Elysean Perfumes,"Intense dark oud with rose, patchouli, and smoky resinous woods.","Oud, Rose, Patchouli, Smoky, Dark",Eau de Parfum — 20%,images/ProductCoverImage-Unisex.png,50,185,248,369,641
322,unisex,Montale White Oud,Inspiration,Elysean Perfumes,"Soft luminous oud with white florals, vanilla, and sandalwood.","Oud, White Florals, Vanilla, Sandalwood, Luminous",Eau de Parfum — 20%,images/ProductCoverImage-Unisex.png,50,189,254,384,676
323,unisex,Penhaligons Halfeti,Exact Match,Elysean Perfumes,Rich and opulent oriental rose fragrance with oud and dark woods.,"Rose, Oud, Spice, Leather, Musk",Eau de Parfum — 20%,images/ProductCoverImage-Unisex.png,50,189,255,385,680
324,unisex,Ruark Concentrate Fragrance,Exact Match,Elysean Perfumes,"Concentrated woody blend with spices, musk, and warm amber base.","Woods, Spice, Musk, Amber, Warm",Eau de Parfum — 20%,images/ProductCoverImage-Unisex.png,50,188,254,382,673
325,unisex,Tom Ford Black Orchid Type,Exact Match,Elysean Perfumes,"Dark, sensual and mysterious with black orchid, spices, and rich chocolate notes.","Black Orchid, Spice, Chocolate, Vanilla, Patchouli",Eau de Parfum — 20%,images/ProductCoverImage-Unisex.png,50,177,233,336,559
326,unisex,Tom Ford Leather Ombre,Exact Match,Elysean Perfumes,"Rich and sensual leather fragrance with jasmine, patchouli, and warm amber.","Leather, Jasmine, Patchouli, Amber, Musk",Eau de Parfum — 20%,images/ProductCoverImage-Unisex.png,50,222,316,520,"1,014"
327,unisex,Tom Ford Noir,Inspiration,Elysean Perfumes,"Sophisticated oriental with violet, amber, and warm woody spices.","Violet, Amber, Spice, Woods, Musk",Eau de Parfum — 20%,images/ProductCoverImage-Unisex.png,50,184,246,364,629
328,unisex,Tom Ford Oud Wood Type,Exact Match,Elysean Perfumes,"Warm smoky oud with cardamom, sandalwood, and dark amber.","Oud, Cardamom, Sandalwood, Amber, Smoky",Eau de Parfum — 20%,images/ProductCoverImage-Unisex.png,50,200,276,430,792
329,unisex,Tom Ford Tobacco Vanille Unisex,Inspiration,Elysean Perfumes,"Rich warm blend of tobacco, vanilla, spices, and dark woods.","Tobacco, Vanilla, Spice, Woods, Warm",Eau de Parfum — 20%,images/ProductCoverImage-Unisex.png,50,181,240,353,600
330,unisex,Tom Ford Tuscan Leather,Exact Match,Elysean Perfumes,"Rich leathery scent with raspberry, saffron, and warm dark leather.","Raspberry, Saffron, Leather, Rich, Warm",Eau de Parfum — 20%,images/ProductCoverImage-Unisex.png,50,199,274,427,785
331,unisex,Versace Atelier Versace Vanille Rouge,Exact Match,Elysean Perfumes,"Luxurious warm blend with vanilla, red fruits, and dark woody amber.","Vanilla, Red Fruits, Amber, Woods, Warm",Eau de Parfum — 20%,images/ProductCoverImage-Unisex.png,50,226,324,536,"1,055"
332,unisex,Versace Pour Homme Oud Noir Type,Exact Match,Elysean Perfumes,"Dark oud woody with spices, amber, and warm resinous base.","Oud, Spice, Amber, Resin, Woods",Eau de Parfum — 20%,images/ProductCoverImage-Unisex.png,50,191,258,391,696
333,unisex,Vetuza Milanos Tutti Fruit,Inspiration,Elysean Perfumes,Playful and juicy tropical fruit blend with sweet and fresh notes.,"Tropical Fruit, Berry, Citrus, Sweet, Musk",Eau de Parfum — 20%,images/ProductCoverImage-Unisex.png,50,165,210,286,435